pk,Parameter Source Pipeline,Detection Pipeline(s),TIC,Full TOI ID,TOI Disposition,TIC Right Ascension,TIC Declination,TIC Right Ascension 2015.5,TIC Declination 2015.5,TMag Value,TMag Uncertainty,Orbital Epoch Value,Epoch Uncertainty,Orbital Period (days) Value,Orbital Period Uncertainty,Transit Duration (hours) Value,Transit Duration (hours) Uncertainty,Transit Depth Value,Transit Depth Uncertainty,Sectors,Public Comment,Surface Gravity Value,Surface Gravity Uncertainty,Planet Number,Star Radius Value,Star Radius Uncertainty,Planet Radius Value,Planet Radius Uncertainty,Planet Equilibrium Temperature (K) Value,Effective Temperature Value,Effective Temperature Uncertainty,Effective Stellar Flux Value,Signal-to-noise,Centroid Offset,Master,SG1a,SG1b,SG2,SG3,SG4,SG5,Alerted,Updated
162739,qlp-s18-ffi,QLP,285666479,1569.01,PC,43.6106754,52.0710475,43.610650264,52.0710297601,10.424,0.012,1791.98363,0.00513,1.71614,0.00072,2.038,0.285,681.449,2.11556,[18],,3.28,0.09,1,4.92,0.17,14.1349,0.928386,1550.0,5511.5,96.2,958.34,13.0,False,3,4,3,3,4,4,4,2019-12-19 20:58:21+00:00,2019-12-19 20:58:21+00:00
202882,qlp-s39-tois,FAINT,311565540,3316.01,PC,260.7070358,-73.4348013,260.706965446,-73.4348853763,13.445,0.006,2385.0885298,0.0027549,4.0668012,1.85e-05,2.373,0.296,10210.0,10.7271,"[12, 13, 39]",found in faint-star QLP search,4.47,,1,0.98,,10.2315,,1129.0,5789.0,122.0,270.456,17.0,False,3,4,3,3,4,4,4,2021-06-04 14:05:41.663386+00:00,2024-08-22 15:41:09.420339+00:00
262259,qlp-s58-ffi,QLP,384984325,6109.02,PC,50.1317627,42.6070804,50.1319205905,42.6069564151,10.362,0.011,2900.8195013,0.0023521,5.6952223,0.0005344,1.107,0.462,1470.0,276.305,"[18, 58]",potential multi; variable star,4.49,0.09,2,0.95,0.06,3.92346,0.46155,700.0,5416.1,162.8,39.9451,13.0,False,2,4,1,1,4,4,4,2023-07-20 23:26:55.507728+00:00,2023-07-20 17:28:45.990000+00:00
46568,spoc-s02,SPOC,120585579,242.01,EB,4.451491,-38.110851,4.45142278774,-38.1108550503,12.452,0.018,1357.778211,0.000677,6.340315,0.000367,4.249306,0.056679,25410.703288,265.38632,[2],The detected secondary could have a wrong; depth estimation because of the low points near 1380. ,4.28983,0.0,1,1.2666,1.2666,20.517917,20.518948,1141.1166258669848,6083.0,192.0,400.7201061906631,95.53354,False,5,5,5,5,5,5,5,2018-11-29 21:52:42+00:00,2022-10-20 16:14:13.737000+00:00
188460,qlp-s30-ffi,QLP,65347776,2418.01,EB,39.7250715,-27.324162,39.7252586627,-27.3242265043,10.917,0.006,2133.37121,0.00459,25.86696,0.00025,4.923,0.694,2240.0,1231.62,"[3, 4, 30]",Only two transits; one Y1 one Y3. 25.867 days is one of at least 27 possible period aliases; retired as TFOP FP/NEB,4.56,0.08,1,0.8,0.05,7.41184,3.1277,883.0,5095.0,120.3,100.989,11.0,False,5,5,5,5,5,5,5,2020-11-25 22:47:02.060808+00:00,2024-09-17 14:35:13.410000+00:00
60617,spoc-s01-s39-b0A-PC,SPOC,281979481,274.01,EB,130.504849,-75.801512,130.505378707,-75.8018685772,10.443,0.018,2362.1572407670155,0.0020349107,0.5417947272272686,5.064377e-06,1.1716379465651348,0.07248259,537.9244901774216,58.928013,"[3, 10, 11, 12, 13, 33, 37, 38, 39]",TFOP FP; retired as NEB. Centroid offset onto another star a pixel away. V-shaped. Offset also apparent in SPOC multisector and s38. ,4.54631,0.289574,1,0.8072980046272278,0.0471181,2.873873341118768,1.4076043,1836.853757873116,5181.0,182.0,2690.4153123790443,24.296259,False,5,5,5,5,5,5,5,2018-11-30 22:06:25+00:00,2026-02-25 18:41:10+00:00
208829,qlp-s25-faintsearch,FAINT,284305328,4019.01,PC,9.1708733,65.9374947,9.17084463465,65.9374860761,12.697,0.006,2883.460104330258,0.0024420777,2.2963814,2.19e-05,2.649,0.248,7950.0,263.685,"[17, 18, 24, 25, 58]",V-shaped; found in faint-star QLP search; Gaia DR2 Rstar ~2.04 slightly larger than TIC value;  nearby TIC 284305330 (delta Tmag 3.2  separation 4.52''),4.04,,1,1.87,0.52,20.9239,6.70331,2361.0,6620.0,1539.9,5163.1,49.0,False,3,4,3,3,4,4,4,2021-06-23 15:25:57.332218+00:00,2024-08-22 15:41:09.420339+00:00
48266,qlp-s32-tois,QLP,259389219,915.01,EB,68.8038392,-51.3965537,68.8037711424,-51.3965622829,11.249,0.006,2199.8655776,0.0010627,2.3250156,5.7e-06,1.775,0.405,1130.0,19.3113,"[3, 4, 5, 30, 31, 32]",retired as TFOP FP/NEB,3.83,0.08,1,2.05,0.1,10.7275,1.12022,1882.0,5753.0,127.6,2083.06,18.0,False,5,5,5,5,5,5,5,2019-07-23 18:22:48+00:00,2024-09-08 21:02:32.513000+00:00
52264,qlp-tois-update,QLP,385624852,1041.01,EB,138.4023586,-55.1979711,138.402251573,-55.1979097039,8.097999999999999,0.006,2261.8012163340527,0.0004000633,8.30792,0.00037,3.228,0.089,8350.0,160.238,"[9, 10, 35, 36]",TFOP FP; retired as EB,3.83,0.07,1,3.05,0.09,43.1068,4.42399,1924.0,9081.0,173.2,2276.25,137.0,False,5,5,5,5,5,5,5,2019-07-24 18:44:12+00:00,2021-04-28 18:36:29.375000+00:00
206367,qlp-s39-tois,FAINT,403507814,3475.01,PC,230.9091578,-76.8957258,230.909080182,-76.8957436337,12.259,0.006,2383.8426001,0.0006338,2.7812908,3.6e-06,3.208,0.125,11930.0,2.09485,"[12, 39]",found in faint-star QLP search,4.26,0.08,1,1.63,0.06,18.2165,0.770351,1998.0,7560.0,140.3,2647.01,78.0,False,3,4,3,3,4,4,4,2021-06-16 23:32:20.726647+00:00,2024-08-22 15:41:09.420339+00:00
235599,qlp-s60-ffi,QLP,172033454,6065.01,PC,97.6191592,31.8807366,97.6192236909,31.8805560625,9.453,0.006,2948.6913203,0.0090109,8.2065998,0.0002007,3.785,1.905,417.0,825.21,"[20, 43, 44, 45, 60]",slight depth-aperture correlation; possible centroid offset towards bright star to ESE; potential L1 candidate based off Rp uncertainty ,4.21,0.08,1,1.38,0.07,4.6173,2.06349,2135.0,6061.0,136.5,3451.52,10.0,False,3,4,3,3,4,4,4,2023-02-23 20:49:47.053448+00:00,2023-02-23 15:32:16.706000+00:00
162017,qlp-s56-ffi,QLP,314338017,1524.01,EB,319.1449944,58.772829599999994,319.144977769,58.7728089207,9.133,0.033,2837.0250752,0.0114498,10.9554897,0.0001421,6.772,2.42,370.0,660.223,"[15, 16, 17, 56]",Some odd-even; retired as TFOP FP,,,1,6.79,,22.7316,,3316.0,8522.0,122.0,20081.6,13.0,False,5,5,5,5,5,5,5,2019-12-05 21:41:10+00:00,2022-11-07 14:41:45.066000+00:00
148748,qlp-s74-ffi,QLP,199688472,1292.01,EB,253.1403043,57.9740047,253.14033046,57.9741503305,9.846,0.006,3351.1423328,0.0018086,1.4412175,4.6e-06,1.666,0.134,12927.0,423.876,"[14, 15, 16, 17, 18, 19, 20, 21, 22, 23, 25, 26, 40, 41, 47, 48, 49, 50, 51, 52, 53, 54, 55, 56, 57, 58, 59, 60, 73, 74]",odd-even indicates likely FP; TFOP FP,4.13,0.08,1,1.46,0.08,17.0442,0.982769,1626.0,5672.9,168.9,1160.55,586.0,False,5,5,5,5,5,5,5,2019-10-17 00:30:12+00:00,2024-03-03 18:43:44.774000+00:00
167758,qlp-s48-tois,QLP,29191596,1792.01,PC,151.7207939,45.8835396,151.720028576,45.883328327,8.676,0.006,2629.3865157,0.0151979,8.8164887,0.0002842,3.895,0.969,170.0,1.80002,"[21, 48]",multiple stars in target pixel; potential centroid offset; low SNR,4.43,0.07,1,0.99,0.05,1.28915,0.158338,973.0,5502.5,112.2,149.167,6.0,False,2,4,2,2,4,4,4,2020-03-12 15:27:12.836000+00:00,2022-07-08 13:20:46.313000+00:00
48671,qlp-s32-tois,QLP,146467675,955.01,EB,76.08191049999999,-20.7312658,76.081839113,-20.7313410483,9.705,0.006,2199.7058487,0.0011718,1.6375303,4.6e-06,1.606,0.228,770.0,0.968713,"[5, 32]",possibly an EB. May be on 146467673. Retired as TFOP FP,3.99,0.07,1,1.72,0.08,5.03673,0.289912,1526.0,5888.8,108.6,900.876,24.0,False,5,5,5,5,5,5,5,2019-07-24 14:30:01+00:00,2024-09-06 20:03:54.394000+00:00
149721,qlp-tois-update,QLP,256886630,1323.01,EB,329.3850204,41.4495095,329.3850665,41.4495093756,8.266,0.006,1713.20059,0.00597,2.03905,0.00116,2.26,0.948,430.0,10.5726,"[15, 16]",TFOP FP; retired as NEB,3.94,0.07,1,2.68,0.07,6.42307,0.974662,3550.0,9003.0,188.7,26394.8,11.0,False,5,5,5,5,5,5,5,2019-10-17 00:30:12+00:00,2020-05-20 19:58:59.265000+00:00
234591,qlp-s38-faintsearch,FAINT,359403471,4929.01,PC,201.4225257,-56.0072162,201.422241325,-56.0073189565,13.405,0.007,2358.085914,0.0050337,2.5547255,2.6e-05,2.953,0.371,5580.0,2159.01,"[11, 38]",found in faint-star QLP search,,,1,0.99,0.06,13.5829,5.10741,1887.0,4956.0,143.0,2108.75,10.0,False,3,4,3,3,4,4,4,2021-12-21 22:37:57.626187+00:00,2024-08-22 15:41:09.420339+00:00
176158,qlp-s26-ffi,QLP,258402425,2156.01,EB,274.4165927,23.9177533,274.416665554,23.917678765,9.874,0.006,2011.05035,0.00358,0.67554,0.00016,0.922,0.174,680.0,468.16,[26],Likely EB; evolved star; a/Rs under 2; artifact TIC 158367929 close by; offset near TIC 258402422; TFOP FP; retired as NEB,,,1,2.74,,15.6973,,2591.0,4872.0,122.0,7493.17,11.0,False,5,5,5,5,5,5,5,2020-08-10 17:26:48.991660+00:00,2021-01-11 20:10:14.185000+00:00
258360,spoc-s14-s55-b02,SPOC,160223936,6085.01,PC,261.279391933948,85.115516365893,261.281796134,85.1155182342,8.7475,0.006,1691.848481347358,0.011074305,,,14.123055834829806,0.7457269,317.9766457910193,39.83699,"[14, 19, 20, 25, 26, 40, 47, 52, 53]",single transit at ~1691.8 TBJD,4.62161,0.0861041,1,0.750715970993042,0.0447739,1.4099651273817326,0.28082705,148.73117020625708,5106.0,123.642,0.1156455648072286,7.2045913,False,3,4,3,3,4,4,4,2023-03-02 20:05:25.980993+00:00,2023-03-02 15:02:44.356000+00:00
169998,qlp-s49-tois,SPOC,180695581,1807.01,CP,201.283316098937,38.9224850134538,201.282625918,38.922367141,9.0363,0.006,2664.0705467,0.0015863,0.54937,1.5e-06,0.883,0.242,370.0,1.62646,"[22, 23, 49]",TOI-1807 b,4.56172,0.0838448,1,0.74,0.05,1.53904,0.139876,1706.0,4612.99,99.6652,1407.22,17.0,False,5,5,5,5,5,5,5,2020-04-15 12:38:54.682000+00:00,2022-07-19 16:56:10.456000+00:00
201672,qlp-s37-tois,FAINT,290302097,2902.01,EB,136.3360469,-62.9668793,136.335931561,-62.9667809414,12.786,0.006,3042.800347097132,0.004882616,2.9918201,1.3e-05,2.231,0.278,3410.0,4.05169,"[9, 10, 11, 35, 36, 37, 62, 63, 64]",found in faint-star QLP search; retired as TFOP FP/NEB,4.5,0.08,1,0.89,0.05,5.2899,0.357764,1175.0,5301.0,126.4,317.354,21.0,False,5,5,5,5,5,5,5,2021-06-04 01:29:23.172139+00:00,2024-08-22 15:41:09.420339+00:00
256811,spoc-s56-b02,SPOC,431701493,5970.01,KP,348.99291895768,31.4628596466942,348.993045705,31.462750848,11.5189,0.0061,3561.869566928298,0.00025174298,3.092743213581997,5.7325888e-05,2.2215324330161916,0.017393913,28695.10121590075,199.38875,"[56, 83]",WASP-10 b,4.56492,0.0886398,1,0.75034099817276,0.0524523,12.655670815921166,0.8900727,926.354436489994,4713.98,115.719,174.0322539164416,153.21634,False,5,5,5,5,5,5,5,2022-11-16 01:06:43.772132+00:00,2025-08-29 22:26:24.600000+00:00
133680,qlp-s29-tois,QLP,201233610,290.01,EB,359.5164932,-49.300827,359.516588122,-49.3008384286,12.953,0.006,2097.43463,0.00158,21.05271,8e-05,4.91,0.252,21440.0,1781.32,"[2, 28, 29]",retired as EB due to size,3.97,0.08,1,1.73,0.09,36.6999,8.26001,835.0,5736.0,134.5,80.9224,51.0,False,5,5,5,5,5,5,5,2018-10-03 02:14:37+00:00,2025-06-03 22:51:23.300000+00:00
185623,spoc-s01-s65-b0A-PC,QLP,382625239,2388.01,PC,118.388409,-63.769802,118.388357,-63.769812,8.115,0.023,1355.2677848645285,0.0022826318,1.3442724445988306,1.2300932e-05,4.677734735925479,0.24366857,44.3806696145612,5.220655,"[2, 3, 4, 5, 27, 28, 29, 30, 31, 32, 33, 34, 35, 37, 38, 39, 61, 62, 63, 64, 65]",multiple star system; no gaia information; likely SV based on sinusoidal shape in spoc-s1-s65 and multiple signals found at similar period,,,1,,,,,1651.5041045739913,,,1758.0840398259102,10.3266945,False,3,4,3,3,4,4,4,2020-11-06 19:50:47.059178+00:00,2024-03-27 17:23:10.323000+00:00
212545,spoc-s01-s36-b02-L1,SPOC,237332812,4352.01,PC,346.832746168461,-60.0849870776093,346.832823461,-60.0849721795,9.3391,0.006,1333.4561661917692,0.0047345585,11.891863255983353,0.00015309542,4.782479979436878,0.60536265,362.6899451994812,45.198753,"[1, 28]",low MES; may be variability,4.57288,0.0813071,1,0.834551990032196,0.0432865,1.6923029875024036,0.6221302,695.1290313851889,5461.0,122.168,55.18012866832018,7.322253,False,2,4,2,2,4,4,4,2021-07-28 19:58:07.657974+00:00,2021-07-28 15:56:49.400000+00:00
7712208,qlp-s90-faintsearch,FAINT,93532796,7757.01,PC,175.551340387,-49.8569558295,175.551258955,-49.8569391564,13.2463,0.006,3773.637339170301,0.0021919488799749,0.8258114047742997,1.790606970339889e-06,1.1749003896190118,0.4256814716710588,3331.2964431627984,321.52878025086653,"[10, 37, 64, 90]",found in faint-star QLP search,4.08458,,1,1.58983,,11.611466102500582,1.6971358092809212,2788.9566556423915,6046.0,122.0,10043.717760234713,34.18664061382436,False,3,4,3,3,4,4,4,2026-06-04 21:11:48.405688+00:00,2026-06-03 23:52:08.600000+00:00
176417,spoc-s14s19-b02-reprocessed-new,SPOC,154568734,2436.01,PC,191.298809647465,72.1231734899199,191.297898626,72.1230843464,8.55595,0.0062,1722.393707,0.005463425,,,8.730268945124394,0.7770518,367.8233419278844,34.02031,"[14, 15, 21, 40, 41, 47, 48]",single transit at ~1722 TBJD,4.34633,0.083556,1,1.2336,0.0573241,2.4101533136327187,0.91962475,656.5558319843589,6291.0,130.715,43.91447097474822,10.636549,False,2,4,2,2,4,4,4,2020-12-22 23:48:42.963063+00:00,2022-11-15 15:38:58.945000+00:00
206817,qlp-s15-faintsearch,FAINT,27844066,3536.01,PC,296.414376,51.1619982,296.414319259,51.1619727731,12.53,0.006,1732.8210526,0.0015932,1.8532983,9.98e-05,1.197,0.21,10790.0,19.5896,"[14, 15]",V-shaped; found in faint-star QLP search,,,1,,,,,1304.0,6292.8,284.0,480.295,18.0,False,3,4,3,3,4,4,4,2021-06-23 15:11:39.421301+00:00,2024-08-22 15:41:09.420339+00:00
150015,spoc-s01-s69-b0A-PC,QLP,318608749,1100.01,EB,9.1261464,-83.5670717,9.12613759214,-83.5670666577,10.514,0.006,2044.494531373724,0.0028614653,20.07315877421397,8.605101e-05,3.844921461649166,0.5039405,1152.9645460819158,68.35146,"[1, 13, 27, 39, 66, 67]",centroid offset towards TIC 318608752 in spoc s1-s39 multisector,4.37,0.08,1,1.1484899520874023,0.0522613,4.050690641397625,1.0627592,736.136829287612,6033.0,129.5,69.3993154619202,15.712561,False,5,5,5,5,5,5,5,2019-08-15 15:39:13+00:00,2024-10-17 15:54:53.375000+00:00
50259,qlp-s68-ffi,QLP,309787037,1046.01,EB,126.419482,-60.9074712,126.419468428,-60.9075141355,10.012,0.006,3177.8671947,0.0011229,1.3042553,2e-06,1.706,0.213,914.0,628.954,"[8, 9, 10, 35, 36, 37, 61, 62, 63, 64, 68]",TFOP FP; retired as NEB/SB2,4.11,0.08,1,1.75,0.07,9.36472,1.30647,3569.0,6762.0,130.2,26944.7,42.0,False,5,5,5,5,5,5,5,2019-07-24 18:44:12+00:00,2024-09-18 19:43:06.731000+00:00
174351,qlp-s24-ffi,QLP,445254275,2029.01,PC,12.2161244,59.3867259,12.2161484498,59.386717782,10.941,0.016,1767.19721,0.0042,2.57134,8e-05,3.824,0.911,920.0,2.66768,[24],potential centroid offset; some depth-aperture correlation; large star,3.54,0.08,1,3.56,0.17,10.7406,0.826123,2382.0,7125.0,162.4,5344.87,17.0,False,3,4,3,3,4,4,4,2020-06-19 07:20:03.224680+00:00,2020-06-19 07:20:03.224680+00:00
208569,qlp-s24-faintsearch,FAINT,20303110,3983.01,PC,228.832744,40.267085,228.83295,40.266956,11.208,0.018,1975.507347,0.0007941,3.8961515,0.0001082,1.742,0.257,8620.0,5.13169,"[23, 24]",V-shaped; found in faint-star QLP search,,,1,0.87,0.05,8.40446,0.509456,979.0,5477.2,22.6,152.54,64.0,False,3,4,3,3,4,4,4,2021-06-23 15:24:20.697074+00:00,2024-08-22 15:41:09.420339+00:00
176367,qlp-s26-ffi,QLP,76197937,2172.01,PC,273.7027603,37.630111,273.702683095,37.6299953709,10.864,0.006,2011.82925,0.00567,1.78252,0.00074,2.729,0.692,1920.0,33.4617,[26],Likely EB; evolved star; asymmetric transit; a/Rs under 2,,,1,3.7,,18.6528,,2275.0,5085.0,122.0,4451.36,12.0,False,3,4,3,3,4,4,4,2020-08-10 17:26:49.770480+00:00,2020-08-10 17:26:49.770480+00:00
175068,spoc-s14-s60-b0H,SPOC,388505345,6246.01,PC,356.6218953,81.37806,356.621626151,81.3780607983,7.708,0.006,2723.3764771998117,0.0025392678,6.778640333728712,0.00012289383,1.8963943004724475,0.11751578,1146.365364077902,130.88066,"[52, 53, 58, 59]",pulsating and bright host; potential secondary at ~0.63 phase; possibly v-shaped,3.86,0.08,1,2.594399929046631,0.0780352,13.814715755862178,14.720568,1865.9861387648357,7665.0,187.3,2865.1981034980904,11.1778145,False,3,4,3,3,4,4,4,2023-04-03 20:52:04.306964+00:00,2023-04-03 16:32:35.315000+00:00
291095,qlp-s69-faintsearch,FAINT,434100688,6849.01,EB,352.9491412,-17.448393,352.949173915,-17.4484580713,9.931,0.008,1371.510523,1.01e-05,1825.048364,1e-06,3.62,0.017,2576.0,92.5051,"[2, 69]",found in faint-star QLP search; duo-transit; period likely shorter than maximum period of ~1825 d; retired as TFOP FP/EB,3.89,0.09,1,2.09,0.1,12.7111,0.640568,103.0,6290.0,129.0,0.0187275,13.0,False,5,5,5,5,5,5,5,2023-12-12 20:13:34.270846+00:00,2024-09-17 14:38:58.489000+00:00
48453,qlp-tois-update,QLP,188989177,433.01,EB,78.7784062,-15.100455800000002,78.7783961979,-15.1004635061,9.141,0.008,1438.29916,0.00045,1.17409,4e-05,1.7009999999999998,0.047,3680.0,704.605,[5],secondary eclipse; two stars in the same pixel; depth is 3.6 ppt; TFOP FP,3.61,0.07,1,3.67,0.13,49.6799,10.8637,3798.0,8242.0,134.5,34547.8,101.0,False,5,5,5,5,5,5,5,2019-02-08 16:19:52+00:00,2022-07-11 15:16:07.850000+00:00
50880,spoc-s36-b0A,SPOC/QLP,102195674,668.01,EB,154.191863,-42.559033,154.191740877,-42.5590712201,11.303,0.018,2283.065609411116,0.00054231315,4.378730231183679,0.00018216146,3.8275040128083977,0.03273729,30199.2684096967,340.06842,"[9, 36]",TFOP APC/SB1; retired as EB,4.37691,0.403057,1,1.2260600328445437,0.0565628,21.69624096913956,1.0139132,1285.000945519444,6159.0,194.0,644.3692253736211,89.1589,False,5,5,5,5,5,5,5,2019-05-07 15:39:33+00:00,2021-05-20 13:38:17.543000+00:00
158022,spoc-s14-s60-b0A-PC,QLP,335483600,1480.01,EB,332.61364080000004,63.55056170000001,332.613639052,63.5505501763,8.751,0.025,2855.7113665014085,0.00033756802,3.3540529720997148,3.421922e-05,1.8984151233621207,0.019461263,6389.171279564459,81.01188,"[16, 17, 57, 58]",highly variable star; no stellar radius; system is published EB (https://ui.adsabs.harvard.edu/abs/2021yCat..36520120I/abstract); retired as TFOP FP/EB,,,1,,,,0.0,2652.2635415320456,8181.0,188.8,11694.662786159575,65.08279,False,5,5,5,5,5,5,5,2019-12-05 21:41:09+00:00,2023-08-02 17:42:41.968000+00:00
149986,qlp-s82-ffi,QLP,138361973,1166.01,EB,293.7649964,37.5389308,293.764981394,37.5385896913,9.76,0.006,3556.1031964,0.0009773,1.8824539,4.3e-06,2.46,0.429,1391.0,1435.13,"[14, 40, 41, 54, 55, 74, 75, 81, 82]",retired as TFOP FP/NEB,4.39,0.08,1,1.13,0.05,8.29008,1.38023,3091.0,5900.4,71.9,15173.2,64.0,False,5,5,5,5,5,5,5,2019-09-03 15:31:12+00:00,2024-10-07 13:49:36.036000+00:00
207075,qlp-s16-faintsearch,FAINT,407905370,3573.01,PC,336.9986145,38.2859899,336.998619423,38.2859495496,11.438,0.007,1747.7922292,0.0020602,9.8170028,0.000614,3.341,1.099,6510.0,24.1325,[16],found in faint-star QLP search,4.13,0.08,1,1.49,0.07,12.7271,1.00248,1043.0,5994.3,116.9,196.707,24.0,False,3,4,3,3,4,4,4,2021-06-23 15:13:14.868296+00:00,2024-08-22 15:41:09.420339+00:00
166270,qlp-s60-ffi,SPOC,318022259,1730.01,PC,107.866428753493,48.3303892640576,107.86582598,48.3279327224,10.3595,0.00741359,2952.6352714,0.0024431,6.2262315,2.77e-05,2.239,0.772,1488.0,1544.12,"[20, 47, 60]",potential multi,4.70931,0.00914374,1,0.53,0.02,2.75524,0.963981,910.0,3691.0,157.0,114.271,16.0,False,2,4,1,1,4,4,4,2020-02-19 23:47:13.801298+00:00,2023-02-27 10:12:42.584000+00:00
206054,qlp-s90-ffi,SPOC,459850897,3503.01,EB,163.714588655504,-58.5692782917568,163.714472106,-58.569284539,10.2726,0.0061,3772.76610489876,0.0014122395344564,1.1882681205393175,2.0081910764675947e-06,1.959325089967889,0.3900208415063424,2800.5248691545107,129.98471933446527,"[10, 37, 63, 64, 90]",10+ sigma odd-even in spoc-s01-s65; star is a pulsator; retired as TFOP FP/EB,4.25145,0.0732307,1,1.7878899574279783,0.0550854,11.263304441929735,1.76036814363768,5265.18345071461,8405.0,154.635,127210.11361842432,127.19129733848838,False,5,5,5,5,5,5,5,2021-06-21 18:48:12.518405+00:00,2025-12-11 21:34:42.800000+00:00
7596127,qlp-s90-faintsearch,FAINT,23326828,7752.01,PC,167.435383303,-32.0161711515,167.435238016,-32.016154884,10.3123,0.006,3773.792472161729,0.002397255912375,7.093934727179008,1.694039488237992e-05,3.7212998920109337,1.1474760045904993,970.1113810385834,55.9896809162254,"[9, 36, 63, 90]",found in faint-star QLP search,4.26292,0.0887178,1,1.44756,0.0637588,4.46430240601316,0.4624089775594134,1933.6215097444008,6657.0,131.339,2320.669610755478,41.20522568232561,False,3,4,3,3,4,4,4,2026-06-04 21:11:48.259173+00:00,2026-06-03 22:07:29.900000+00:00
202958,qlp-s39-tois,FAINT,451538240,3297.01,PC,264.8253296,-87.2994004,264.825476133,-87.2994447951,13.02,0.006,2382.0280298,0.001564,3.9349141,1.18e-05,4.189,0.135,7660.0,2.04432,"[12, 13, 39]",found in faint-star QLP search,4.1,,1,1.61,,14.3155,,1586.0,6200.0,122.0,1051.8,34.0,False,3,4,3,3,4,4,4,2021-06-04 14:05:38.977728+00:00,2024-08-22 15:41:09.420339+00:00
149979,qlp-s82-ffi,QLP,169177766,1177.01,EB,297.3000296,41.3268399,297.30004001,41.3268438856,10.162,0.006,3556.6722433,0.00136,1.692892,3.2e-06,2.886,0.525,1418.0,997.895,"[14, 15, 54, 55, 74, 75, 81, 82]",Could be on neighbor; retired as TFOP FP/NEB,4.21,,1,2.1,,11.2371,,5800.0,9121.5,227.1,187927.0,51.0,False,5,5,5,5,5,5,5,2019-09-03 15:31:11+00:00,2024-10-10 13:06:03.604000+00:00
47971,qlp-tois-update,QLP,300599466,925.01,EB,113.04762990000002,-68.01229190000001,113.047662171,-68.0122891295,11.338,0.006,1331.86537,0.0022199999999999,13.17741,0.00018,2.75,0.527,1750.0,3.12692,"[1, 2, 3, 4, 5, 6, 7, 8, 9, 11, 12, 13]",TFOP NEB; giant star,,,1,10.05,,49.318000000000005,0.0,717.0,5027.7,74.0,44.0738,32.0,False,5,5,5,5,5,5,5,2019-07-23 18:22:48+00:00,2022-07-11 15:18:40.972000+00:00
193557,spoc-s95-b0A,FAINT,262829328,2627.01,PC,349.3810256,-54.27006,349.381112905,-54.2700629513,13.47,0.006,3882.402484440347,0.0009076793,1.0649771,2.2e-06,1.5097493780205566,0.051657397,16307.5548796493,504.3931,"[1, 28, 68, 95]",found in faint-star QLP search,4.45,,1,0.97,,13.69875484328404,0.3387164,1661.9456627983895,5427.0,122.0,1802.9690994341713,37.9661,False,3,4,3,3,4,4,4,2021-04-12 21:05:08.739013+00:00,2026-02-24 20:01:16.700000+00:00
44044,spoc-s01-s69-b0A-PC,SPOC,425934411,142.01,PC,4.60579,-62.847886,4.60585951802,-62.8478752033,14.672,0.018,1325.4859006936745,0.00031706883,0.8533534003702584,2.794214e-06,1.201873683722817,0.050757922,25080.32906949693,1052.1915,"[1, 2, 28, 29, 68, 69]",V-shaped; slight odd-even depending on detrending,4.438,0.0,1,0.6080759763717651,0.0190377,12.600718026243362,4.5996604,1026.2131049832117,3658.0,162.0,262.102538592811,37.0026,False,3,4,3,3,4,4,4,2018-11-14 15:06:55+00:00,2024-04-24 15:20:48.488000+00:00
48407,qlp-s32-ffi,SPOC/QLP,143350972,440.01,EB,82.246364,-17.429212,82.2459861347,-17.4295644154,7.652,0.018,2199.6284195,0.0015967,1.0833805,2.8e-06,2.002,0.157,310.0,0.168749,"[5, 6, 32]",Retired as NEB.,4.45,0.01,1,1.01,0.06,1.73239,0.107355,2042.0,5759.2,38.2,2886.95,33.0,False,5,5,5,5,5,5,5,2019-01-31 16:53:30+00:00,2021-12-07 17:15:57.311000+00:00
7712068,qlp-s91-faintsearch,FAINT,347866089,7778.01,PC,214.87219669,-16.5302196927,214.872160836,-16.5302730855,14.346,0.00780296,3802.377342113451,0.0013705755074271,0.6964039764260391,7.714422980353829e-05,1.1354617912184637,0.3294378722810663,28716.044637657997,1987.975993901413,[91],found in faint-star QLP search,4.58907,0.0137979,1,0.675404,0.0218179,11.380468529925514,1.7227793035949144,1555.7320076412316,3594.0,157.0,972.4484510906298,38.388329091199495,False,3,4,3,3,4,4,4,2026-06-04 21:15:28.744895+00:00,2026-06-03 22:27:17+00:00
202564,qlp-s38-tois,FAINT,392112968,3174.01,EB,174.2872602,-67.5193333,174.287225067,-67.5193357905,13.278,0.007,3041.5928174303235,0.0070827357,1.1960086,7.8e-06,2.35,0.378,11770.0,23.3145,"[10, 11, 37, 38, 64, 65]",found in faint-star QLP search; v-shaped; possible centroid offset to SE; retired as TFOP FP/NEB,4.26,,1,1.55,,15.4837,,2578.0,7108.0,122.0,7334.0,18.0,False,5,5,5,5,5,5,5,2021-06-04 13:54:20.803803+00:00,2024-08-22 15:41:09.420339+00:00
202648,spoc-s01-s65-b0A-PC,FAINT,466318137,3153.01,EB,165.7320788,-60.1968705,165.732078825,-60.1968705366,11.279,0.01,3014.805439721951,0.0014341604,1.1216021146359985,7.8005876e-05,1.6434889212547497,0.12770045,3599.1066291890324,204.03659,"[10, 11, 63, 64]",found in faint-star QLP search; centroid offset in spoc-s1-s65 multisector centered near TIC 924329774 (Tmag~16.205); TFOP FP/NEB,,,1,,,,,1754.2674951122815,3294.0,38.9,2238.2277056523512,15.500046,False,5,5,5,5,5,5,5,2021-06-04 13:54:17.980970+00:00,2024-01-22 17:11:14.648000+00:00
202486,qlp-s38-tois,FAINT,333511802,3194.01,PC,213.3213254,-60.3307944,213.320899482,-60.3309540492,13.368,0.006,2353.9032385,0.0048168,3.6179419,3.22e-05,4.394,0.959,14890.0,199.185,"[11, 38]",found in faint-star QLP search,4.4,,1,0.87,,11.142,,1460.0,4460.0,122.0,755.42,21.0,False,3,4,3,3,4,4,4,2021-06-04 13:54:23.764662+00:00,2024-08-22 15:41:09.420339+00:00
50325,qlp-s61-ffi,QLP,131979339,586.01,EB,118.913644,-37.8577014,118.913660535,-37.8577128501,8.227,0.006,2986.476263,0.0013302,22.6384642,0.0001137,4.988,0.495,4982.0,2942.82,"[7, 8, 34, 35, 61]",likely too large for insolation,4.05,0.07,1,2.42,0.07,28.0326,4.27381,1399.0,9511.0,179.3,636.099,93.0,False,5,5,5,5,5,5,5,2019-04-13 05:20:07+00:00,2023-05-23 17:04:22.939000+00:00
206865,qlp-s41-tois,FAINT,172754786,3561.01,EB,299.8099984,38.3936866,299.80998175,38.393652825,12.89,0.012,2771.04913757847,0.005140771,4.1273472,2.34e-05,2.74,0.389,18840.0,40.4997,"[14, 15, 41, 54]",found in faint-star QLP search,4.39,0.08,1,1.44,0.05,20.1447,1.21618,1582.0,7795.0,149.9,1041.76,20.0,False,5,5,5,5,5,5,5,2021-06-23 15:11:42.745700+00:00,2024-08-22 15:41:09.420339+00:00
248017,spoc-s14-s50-b02,SPOC,230055368,5720.01,PC,170.315245654581,25.2736880892286,170.313577447,25.2732941769,11.6196,0.00742921,1900.6450285554165,0.0013698924,1.4344602383664715,1.5389136e-05,0.9348877249359968,0.24850394,1028.2187852431532,164.2908,"[22, 49]",low SNR; potential L1 planet,4.85368,0.00119494,1,0.3710300028324127,0.0109547,1.3932190423351676,0.27903435,691.2885072913947,3421.0,157.0,53.97073702382512,7.4162726,False,2,4,2,2,4,4,4,2022-08-18 20:04:09.584763+00:00,2022-08-18 16:00:08.990000+00:00
50215,qlp-s61-ffi,QLP,81429971,598.01,EB,123.1782092,-42.9350064,123.178215563,-42.9350096139,10.136,0.008,2986.0200717,0.0027453,3.0432421,9.6e-06,3.192,0.499,1622.0,58.6932,"[7, 8, 34, 35, 61]",,,,1,3.59,0.16,11.9045,0.642488,2160.0,8000.0,174.4,3620.18,32.0,False,5,5,5,5,5,5,5,2019-04-13 05:20:07+00:00,2024-09-08 20:46:26.491000+00:00
208833,qlp-s58-tois,FAINT,407243316,4018.01,PC,7.2139626,66.4681917,7.21394765473,66.4681891435,13.461,0.006,2905.4138789,0.0030445,3.0755983,1.05e-05,1.617,0.723,6482.0,19020.5,"[17, 18, 24, 25, 58]",found in faint-star QLP search; some ramp-like transits; low SNR,,,1,,,,,1099.0,4355.4,177.7,242.553,10.0,False,3,4,3,3,4,4,4,2021-06-23 15:25:57.195134+00:00,2024-09-06 18:12:45.383000+00:00
47906,qlp-s30-ffi,QLP,206466531,410.01,EB,56.815204,-52.98515,56.815012189,-52.9852074388,9.992,0.018,2139.77204,0.00268,1.42744,1e-05,1.973,0.098,450.0,182.622,"[3, 4, 30]",Retired as FP by TFOP,4.36,0.11,1,1.33,0.05,7.86301,2.00946,3620.0,6000.2,130.8,28512.6,17.0,False,5,5,5,5,5,5,5,2019-01-24 19:35:19+00:00,2021-12-07 14:39:26.613000+00:00
45424,spoc-s01-s69-b0A-PC,QLP,382463648,296.01,PC,353.1048688,-45.909507,353.105143453,-45.9095682571,13.107,0.006,2062.764145924739,0.0034438425,25.25800745587479,9.599717e-05,3.710051853266697,0.3837132,8447.170295601512,465.7662,"[2, 28, 29, 68, 69]",,4.45,,1,0.9460859894752502,0.0,8.702646844885566,1.1970915,561.759411649403,5290.0,122.0,23.53544589970539,14.517789,False,3,4,3,3,4,4,4,2018-12-20 19:43:30+00:00,2024-04-24 19:14:43.169000+00:00
210296,qlp-s64-ffi,QLP,178959058,4332.01,EB,209.6992783,-40.6190556,209.699173417,-40.6190734022,9.783,0.006,3061.8423909,0.0025282,5.4468377,2.16e-05,3.303,0.528,842.0,40.5265,"[11, 38, 64]",possible centroid offset; retired as TFOP FP/NPC with true source as TIC 178959057 which is expected to have Rp~23 Re ,4.15,0.09,1,1.68,0.07,4.39864,0.245629,1396.0,6793.0,129.1,631.423,18.0,False,5,5,5,5,5,5,5,2021-07-28 19:01:30.594345+00:00,2025-08-29 18:16:53.900000+00:00
173331,spoc-s58-b0A,QLP,470127886,2031.01,PC,331.1170527,81.5659401,331.117807682,81.5659509163,10.761,0.036,2886.0463402205305,0.00042562778,5.715607474575727,0.00016925864,4.058479748841112,0.032022387,12240.929881725931,90.70415,"[24, 52, 53, 58]",,4.44,0.09,1,1.184440016746521,0.0492463,13.601565142814362,0.57216483,1207.9176608448622,6664.0,265.1,503.1185453881827,117.25658,False,3,4,3,3,4,4,4,2020-06-19 07:20:03.322387+00:00,2023-02-21 17:21:28.737000+00:00
7523319,qlp-s85-faintsearch,FAINT,252045206,7440.01,PC,353.5714627,56.4436345,353.5714085,56.4434915,13.441,0.006,3621.6255428,0.0031004,34.0796886,0.0002128,4.571,0.329,22876.0,1086.72,"[24, 57, 77, 84, 85]",found in faint-star QLP search,4.66,,1,0.66,,9.39807,,402.0,4517.4,86.2,4.373,21.0,False,3,4,3,3,4,4,4,2025-05-01 20:33:15.584541+00:00,2025-05-01 21:29:40.100000+00:00
234965,qlp-s39-faintsearch,FAINT,68322189,5016.01,PC,236.1595271,-58.128198,236.159175677,-58.1283142325,12.521,0.006,2385.7597121,0.0020694,1.2833689,5.7e-06,2.592,0.141,20090.0,2976.75,"[12, 39]",found in faint-star QLP search; v-shaped; crowded field,4.4,0.08,1,1.01,0.06,23.5753,6.22337,2357.0,5442.0,131.8,5124.73,32.0,False,3,4,3,3,4,4,4,2022-01-06 22:49:43.225179+00:00,2024-08-22 15:41:09.420339+00:00
233441,qlp-s32-faintsearch,FAINT,316875094,4686.01,PC,74.2547276,-15.1034942,74.2547884934,-15.1034798548,13.372,0.009,2190.9577763,0.0023323,7.9461192,4.01e-05,2.339,0.27,8750.0,13.3111,"[5, 32]",found in faint-star QLP search,4.13,,1,1.38,,13.6973,,739.0,5416.0,125.0,49.6833,13.0,False,3,4,3,3,4,4,4,2021-12-21 00:33:53.878144+00:00,2024-08-22 15:41:09.420339+00:00
41420,qlp-s01s02,QLP,139285736,377.01,EB,348.039807,-45.017154,348.039774116,-45.0170931951,11.896,0.018,1326.05107,0.0011,1.55028,5e-05,1.571,0.085,23529.8,2256.7,[2],possible centroid offset; TFOP FP; retired as NPC,,,1,0.87,0.03,14.723,4.58264,1806.0,5039.5,80.5,1769.75,49.0,False,5,5,5,5,5,5,5,2018-12-20 19:43:30+00:00,2021-12-06 18:24:08.937000+00:00
252605,spoc-s14-s55-b0A-KP,SPOC,273874849,5794.01,KP,298.395267883016,47.8150138726218,298.395243661,47.8149864675,13.6414,0.0077,2825.5522593074297,0.00090276625,1.4857147966026063,6.878406e-06,2.32758517417478,0.098921664,21303.59582886427,772.7898,"[41, 54, 56]",Kepler-17 b,4.44616,0.0,1,1.0103399753570557,0.0,14.858544775727584,0.5625642,1595.35273362305,5781.0,85.0,1530.9037435701198,24.90904,False,5,5,5,5,5,5,5,2022-09-22 22:57:13.659825+00:00,2023-03-15 18:48:24.661000+00:00
225856,spoc-s42-b02,SPOC,369480087,4522.01,EB,23.3044232074774,5.6453500827776,23.3042281753,5.64520943108,15.6615,0.00886331,2447.841312114736,0.0004242017,0.3643224790388327,1.555192e-05,0.2120684393556688,0.17750025,38216.78954180594,6318.155,[42],very short Tdur; EPIC 220448185.01; signal source is faint (Tmag 17.6) neighbor TIC 369480086; TOI 4522.01 is retired as TFOP NEB,4.87657,0.00460571,1,0.3473309874534607,0.0138193,6.952739141290867,3.9343698,1086.4738961970106,3473.0,158.0,329.30489556232817,7.353479,False,5,5,5,5,5,5,5,2021-10-21 22:56:07.976672+00:00,2021-10-21 17:14:28.136000+00:00
174424,spoc-s14s26-b0A,SPOC/QLP,188589164,2013.01,CP,239.578324614201,35.4067440085437,239.577567753,35.4081141205,10.2705,0.00733394,1956.3963218053316,0.0013538105,2.616276872363152,0.0001133327,1.1348930228289458,0.39219263,1120.6014184485675,90.019485,"[24, 25]",GJ 3929 b,4.8984,0.00276832,1,0.325635,0.00971841,1.0972867374270183,1.1053865,533.2271642673935,3352.0,157.0,19.10601279532462,14.412579,False,5,5,5,5,5,5,5,2020-06-19 06:00:39.553218+00:00,2024-10-02 16:30:29.777000+00:00
49265,spoc-s07-b01,SPOC,274138511,506.01,EB,116.687019,6.445668,116.687020306,6.44556930455,10.378,0.018,1492.500001,0.003381,2.774207,0.000722,2.393565,0.531679,693.389889,66.471954,[7],Retired as NEB,4.44454,2.00384,1,0.945062,0.945062,2.582442,3.122172,1170.9058394240983,5280.0,183.0,444.2310279994626,9.472691,False,5,5,5,5,5,5,5,2019-03-14 21:38:48+00:00,2021-12-07 20:22:21.973000+00:00
7596009,qlp-s87-faintsearch,FAINT,89014296,7540.01,PC,89.4768327688,12.7709478876,89.4768368309,12.7709001609,12.8711,0.0078,3686.9788007930583,0.0018291534236774,1.4945574227377054,3.143757592363589e-06,1.1899778585459058,0.2510485729869627,3710.392590413818,439.15811058898373,"[6, 33, 43, 44, 45, 71, 72, 87]",found in faint-star QLP search,3.96608,0.0793452,1,1.74748,0.0924422,10.542784488985284,0.7350272517690835,1734.892529693881,5751.0,128.857,1504.546057387994,41.10067871597986,False,3,4,3,3,4,4,4,2025-10-30 21:09:45.596261+00:00,2025-10-30 18:10:45.500000+00:00
148267,spoc-s14-s41-b0A-PC,SPOC/QLP,159510109,1141.01,EB,247.5351912,80.3074791,247.534722321,80.307765574,8.852,0.006,3289.8744079949893,4.148563e-05,16.948708716668467,5.8811236e-07,4.288776684960564,0.0011974856,156467.54796428856,41.571255,"[14, 15, 18, 19, 21, 25, 26, 40, 41, 73]",TOI released on secondary of an EB with primary transit visible in multisector data ,4.37,0.08,1,1.117900013923645,0.0543668,45.22045053493799,2.1992197,758.5937679235896,5894.7,90.3,78.2632869684696,4904.9927,False,5,5,5,5,5,5,5,2019-08-27 16:09:25+00:00,2024-05-16 15:29:35.541000+00:00
48896,qlp-s32-ffi,SPOC/QLP,427352241,485.01,EB,83.623049,-4.414893,83.6229864428,-4.41504352596,9.969,0.018,2198.4378115,0.0009288,1.2667147,2.6e-06,1.712,0.475,1870.0,12.3444,"[6, 32]",2 stars in same pixel; dmag 0.4,4.28965,2.00468,1,1.87,0.08,8.31491,0.803332,2105.0,6084.0,193.0,3265.32,49.0,False,5,5,5,5,5,5,5,2019-02-22 14:51:24+00:00,2021-02-01 19:36:31.629000+00:00
234100,qlp-s35-faintsearch,FAINT,354937825,4821.01,PC,122.4279097,-42.1568067,122.427886094,-42.1568187215,12.776,0.007,2965.3077359398376,0.004975547,5.469359,3.17e-05,2.119,0.293,5940.0,11.0435,"[7, 8, 34, 35, 61]",found in faint-star QLP search,4.23,0.08,1,1.61,0.06,12.6725,0.760956,1137.0,7182.0,135.7,278.238,16.0,False,3,4,3,3,4,4,4,2021-12-21 22:31:41.165106+00:00,2024-08-22 15:41:09.420339+00:00
48422,qlp-s05-b01,SPOC/QLP,169532369,425.01,EB,78.098844,-13.605637,78.0988767149,-13.6056350646,11.523,0.018,1440.31143,0.00126,3.60364,0.00032,3.728,0.47,6281.32,3.09946,[5],retired as SB1,4.17,1.78,1,1.62,0.07,14.1007,0.723462,1931.0,6896.7,160.0,2312.7,68.0,False,5,5,5,5,5,5,5,2019-02-08 16:19:52+00:00,2021-12-07 16:54:51.054000+00:00
48414,qlp-s32-tois,QLP,117979850,428.01,EB,71.81028,-17.24836,71.809927332,-17.2486130226,7.788,0.018,2198.9256523,0.0010028,0.6333315,1.5e-06,0.404,0.149,320.0,4.88666,"[5, 32]",Significant odd-even. TFOP APC/SB2,3.67,0.27,1,2.35,0.12,6.24344,0.649832,1284.0,5713.0,70.2,451.285,19.0,False,3,4,3,3,4,4,4,2019-02-08 16:19:52+00:00,2025-08-15 22:03:57.500000+00:00
257869,qlp-s55-faintsearch,FAINT,106114491,5876.01,PC,301.0806533,32.5015626,301.080672414,32.5016199814,10.637,0.006,2813.8600544,0.0040267,9.7216312,0.000124,3.272,0.681,1830.0,171.689,"[14, 54, 55]",found in faint-star QLP search,4.13,0.09,1,1.7,0.08,7.28362,0.54134,1014.0,6702.0,182.2,176.156,13.0,False,3,4,3,3,4,4,4,2022-11-08 19:58:01.165833+00:00,2024-08-22 15:41:09.420339+00:00
50179,spoc-s33-b0A,QLP,5109298,960.01,EB,107.5981093,-5.432661599999999,107.598090127,-5.43267933774,10.67,0.012,2202.96024073143,0.005883572,1.6187106687918045,0.0006550305,4.739749049750488,0.38189626,1352.1697972868972,122.67115,"[7, 33]",TFOP FP; retired as NEB,4.12,0.07,1,2.22468,0.105417,12.594860181261833,12.417894,3253.5069310171816,9385.0,206.7,26480.607658278368,10.174758,False,5,5,5,5,5,5,5,2019-07-24 15:58:33+00:00,2023-08-10 13:25:16.626000+00:00
254840,spoc-s01-s92-b0A-PC,CTOI,35377903,6693.01,EB,315.422944750639,-10.4081240464835,315.423021139,-10.4082248477,10.3313,0.0078,2797.574710011963,0.000528658,2.993758709116834,3.9118613e-06,4.69618830062327,0.0826537,3142.652292451062,84.81204,"[55, 92]",variable evolved host; possibly synchronized; retired as TFOP FP/SEB1,3.91186,0.0816372,1,1.965399980545044,0.0901207,11.418389921797328,0.6015175,1829.773413768624,6106.0,127.175,2649.1725973114476,40.17792,False,5,5,5,5,5,5,5,2023-10-05 21:54:49.285771+00:00,2025-10-16 17:21:01.800000+00:00
80289,spoc-s01-s65-b0A-PC,QLP,31268146,1948.01,EB,88.0713197,-70.9203019,88.0713146504,-70.9203075409,10.093,0.018,3013.4573819,0.0090229,3.647338315147304,1.498031e-05,4.457284668190451,0.64785343,162.76425770894215,12.695944,"[1, 2, 4, 5, 6, 7, 8, 9, 10, 11, 12, 27, 28, 29, 30, 31, 32, 34, 35, 36, 37, 38, 39, 61, 62, 63, 64, 65]",significant depth aperture correlation in qlp and centroid offset on another star (TIC 726278150) in spoc multi-sector; retired as TFOP FP/NEB,4.24,0.12,1,1.475790023803711,0.073995,1.9083777100388075,2.081486,1470.447248040917,5928.0,161.5,1104.8893752395486,16.040323,False,5,5,5,5,5,5,5,2020-06-17 17:40:43.819361+00:00,2024-02-06 17:31:56.342000+00:00
64720,qlp-s39-tois,SPOC,29831208,124.01,PC,66.582618,-67.806508,66.5826303624,-67.8063538484,11.04,0.018,3042.199512561793,0.0012685372,1.8428078,1.4e-06,1.449,0.149,1950.0,5.35727,"[1, 3, 4, 5, 6, 7, 8, 9, 10, 11, 12, 13, 27, 28, 29, 30, 31, 33, 34, 35, 36, 37, 38, 39, 62, 63, 64]",TFOP SB1/APC; v-shaped,4.48159,2.00353,1,4.09,,21.2705,,1785.0,5080.0,181.0,1687.83,66.0,False,3,4,3,3,4,4,4,2018-12-04 21:47:32+00:00,2023-10-03 12:28:00.821000+00:00
231870,spoc-s01-s72-b0A-KP,QLP,332022997,5123.01,KP,132.1699019,20.4550836,132.169879514,20.4550162331,11.198,0.006,2501.1451789687476,0.0012315202,3.281029860987102,1.5782227e-05,1.9734854290299,0.3763437,1163.604025679095,86.45212,"[44, 45, 46, 72]",K2-275 b,4.59,0.08,1,0.7353450059890747,0.0434171,2.5044826317750037,1.9360542,908.851749728448,4783.6,103.0,161.2475751358769,11.232783,False,5,5,5,5,5,5,5,2022-02-08 22:06:13.928832+00:00,2024-11-25 14:51:03.756000+00:00
201180,qlp-s07-faintsearch,FAINT,259165246,2831.01,PC,113.5193878,-15.9339999,113.519371773,-15.9339920639,12.078,0.012,2251.1663196,0.0022387,2.6926692,1.03e-05,3.101,0.186,4150.0,2.26816,"[7, 34]",found in faint-star QLP search,4.18,0.08,1,2.11,0.13,13.9087,0.925572,2604.0,9669.0,213.4,7635.55,12.0,False,3,4,3,3,4,4,4,2021-06-04 00:47:26.521798+00:00,2024-08-22 15:41:09.420339+00:00
65191,qlp-s06-ffi,QLP,349373192,650.01,EB,110.261057,-60.155525,110.261043558,-60.1554750866,9.757,0.019,1326.31528,0.00441,0.76983,3e-05,2.774,0.185,160.192,0.191012,"[4, 5, 6]","likely NEB on TIC 349411363 130"" to NE; retired as TFOP FP/NEB",3.92,0.11,1,2.49185,0.0880401,,,4149.0,8658.0,230.9,49237.6,32.0,False,5,5,5,5,5,5,5,2019-03-21 15:42:33+00:00,2023-08-07 11:50:22.449000+00:00
50012,qlp-s88-ffi,QLP,127476180,981.01,EB,117.1133267,-28.2048816,117.113225542,-28.2048280418,10.296,0.006,3715.502404274015,0.0016961945553521,1.6038092756614903,2.365656431967372e-06,2.253,0.518,1190.6782951775792,54.79481983554424,"[7, 61, 88]",centroid offset to W and depth aperture correlation; retired as TFOP NEB,4.25,0.09,1,1.48129,0.0631507,4.669232519397285,0.2470712269554388,2004.2139210818889,6711.0,138.0,2674.6329402857714,61.49459438077969,False,5,5,5,5,5,5,5,2019-07-24 15:58:33+00:00,2025-07-30 16:49:16.800000+00:00
174871,spoc-s52-b0A,QLP,347538174,2108.01,PC,247.4816025,21.4951294,247.481600741,21.4951620161,10.223,0.007,2719.3801977255357,0.0014984129,6.801962463224864,0.00078532216,2.9121651120830387,0.11539279,15465.637416319809,493.90906,"[25, 52]",very large PC; v-shaped; TFOP SB1,4.22,0.09,1,1.4226800203323364,0.0666332,29.31488323895424,28.43558,1207.2104771242484,6300.0,133.3,501.9413627957872,30.59839,False,3,5,3,3,5,5,5,2020-07-28 21:38:56.612562+00:00,2022-08-24 14:59:47.515000+00:00
190354,qlp-s32-tois,SPOC,168871868,2442.01,EB,65.1006524538832,-31.081569403312,65.1006544228,-31.0816042587,11.402,0.008,2183.3053758,0.0010158,17.1217196,3.28e-05,6.507,0.311,131000.0,0.701384,"[4, 5, 31, 32]",P=2x8.6d; RV error ~4 km/s; TFOP FP EB,4.44944,0.077825,1,1.0,0.05,10.2267,0.516223,1053.0,5762.0,130.882,204.585,294.0,False,5,5,5,5,5,5,5,2021-01-06 21:28:53.807477+00:00,2021-02-03 18:32:51.718000+00:00
202930,qlp-s39-tois,FAINT,381789320,3304.01,PC,270.1322772,-52.6829118,270.132239484,-52.6830095485,12.015,0.006,2384.9584972,0.0013077,3.4930546,1.12e-05,2.985,0.261,7980.0,3.97136,"[13, 39]",found in faint-star QLP search,4.17,0.08,1,1.42,0.07,13.1021,0.745237,1400.0,5986.0,132.6,639.317,25.0,False,3,4,3,3,4,4,4,2021-06-04 14:05:39.951352+00:00,2024-08-22 15:41:09.420339+00:00
49233,spoc-s06-b02,SPOC,438490744,529.01,EB,100.256,16.5896,100.255964839,16.588795428,14.277,0.059,1468.4958,0.002003,1.665878,0.000283,4.956738,0.144742,85643.986097,2600.0479,[6],,5.10725,0.532457,1,0.172,0.038,6.98229,5.428897,463.5504123385253,3021.0,97.0,10.912113853928515,19.085302,False,3,4,3,3,4,4,4,2019-03-28 00:07:14+00:00,2019-03-28 00:07:14+00:00
299540,spoc-s75-b02,SPOC,17129975,6969.01,PC,308.160544744928,40.7785083933903,308.160533277,40.7784425145,12.367,0.0178,3340.479242429437,0.0017774581,1.514229218135596,0.00017509883,1.7190415754492483,0.09229366,5271.4558635397425,309.6118,[75],Gaia DR3 RV error ~1.9 km/s; one of candidates may be planetary but needs follow-up to determine which,4.2907,0.0922661,1,1.3919600248336792,0.0613819,11.604271092113349,0.681158,2031.4230443582296,6616.0,162.337,4024.597941865294,15.659901,False,3,4,3,3,4,4,4,2024-04-03 22:50:31.874997+00:00,2024-04-03 17:32:08.479000+00:00
239751,qlp-s41-faintsearch,FAINT,424112727,5270.01,PC,300.0668993,22.1621051,300.066897486,22.162093362,12.765,0.017,2446.0356292,0.0037583,1.0513177,0.0002454,2.562,0.235,5720.0,6.79412,[41],found in faint-star QLP search,3.98,0.08,1,2.22,0.09,16.1359,0.903504,2978.0,7529.0,181.4,13073.2,20.0,False,3,4,3,3,4,4,4,2022-02-28 23:23:55.276003+00:00,2024-08-22 15:41:09.420339+00:00
150032,spoc-s13-b02,SPOC,31858844,1070.01,EB,289.478676,-32.86113,289.478541052,-32.8613271129,11.392,0.0,1655.579240786135,0.00053248624,2.9776151733517255,9.7812306e-05,3.25697,0.030226,43218.111683,416.72778,"[13, 27]",triggered by nearby event on 31858843 (WASP-123b),4.29219,0.0,1,1.28,0.0,26.88423,0.196978,1386.5,5740.0,0.0,873.27,108.84278,False,5,5,5,5,5,5,5,2019-08-16 20:20:41+00:00,2021-03-18 19:29:50.230000+00:00
52297,qlp-s62-ffi,QLP,356453768,2002.01,EB,134.190839,-61.371456,134.190203117,-61.371460964,10.476,0.018,3011.1513319,0.0014549,2.3330349,3.6e-06,3.005,0.905,2795.0,4627.01,"[9, 10, 35, 36, 37, 62]",V-shaped; crowded field; TFOP FP; retired as NEB ,4.32,0.44,1,1.56,0.07,15.6213,4.39727,2951.0,5986.5,131.0,12107.6,45.0,False,5,5,5,5,5,5,5,2020-06-17 20:08:08.795557+00:00,2023-03-27 11:51:38.953000+00:00
188611,qlp-s30-ffi,QLP,29919341,2422.01,PC,24.8844247,-7.3946048,24.8845120093,-7.39472881818,9.484,0.007,2131.39396,0.00205,18.23603,7e-05,4.91,0.32,3090.0,855.056,"[3, 30]",two transits; one in Y1 one in Y3; 18.236d is one of at least 40 potential period aliases,,,1,0.88,,10.0179,,0.0,6159.7,,411.58,24.0,False,3,4,3,3,4,4,4,2020-11-25 22:47:02.276715+00:00,2020-11-29 13:35:12.225000+00:00
7630262,qlp-s92-faintsearch,FAINT,279356,7814.01,PC,278.536110343,-23.3407541238,278.536260526,-23.3407814198,9.2344,0.0063,3824.499411016324,0.0010203151877157,3.5575696386478244,0.0004696810980233,4.2539374139777575,0.4764548812298141,7336.446562120483,85.37476248930595,[92],found in faint-star QLP search,3.77672,0.0788301,1,2.14342,0.108995,18.66876714096,0.973264480789496,2232.167328290396,5648.0,133.259,4121.301903833105,28.843072439230564,False,3,4,3,3,4,4,4,2026-06-04 21:18:15.887491+00:00,2026-06-03 21:29:42.200000+00:00
163256,qlp-s77-ffi,QLP,322202434,1617.01,EB,325.3244335,68.80707659999999,325.325050432,68.8072020983,10.251,0.006,3420.9481543,0.0009256,1.4013505,1.3e-06,1.562,0.348,1532.0,96.9248,"[16, 17, 18, 24, 25, 57, 58, 77]",retired as TFOP FP/NEB; potential synchronization in s18; some depth-aperture correlation,4.48,0.08,1,0.94,0.05,3.7143,0.233363,1857.0,5521.0,182.2,1975.13,47.0,False,5,5,5,5,5,5,5,2019-12-19 20:58:22+00:00,2024-06-14 10:49:03.299000+00:00
66613,qlp-s38-tois-FP,QLP,350332997,832.01,EB,84.081517,-54.191177,84.0816274054,-54.1911989614,11.704,0.018,2357.0795258,0.0005017,1.9160221,1.4e-06,1.405,0.045,2430.0,0.59901,"[1, 3, 4, 5, 6, 7, 10, 11, 13, 27, 28, 30, 31, 32, 33, 34, 37, 38]",possible 600 ppm secondary; TFOP FP; retired as EB,4.37483,2.0039,1,2.09,0.11,10.8261,0.59309,1195.0,5623.0,187.0,339.505,58.0,False,5,5,5,5,5,5,5,2019-06-17 17:15:54+00:00,2024-09-08 21:27:24.041000+00:00
314701,qlp-s77-faintsearch,FAINT,417564823,7105.01,PC,317.5329526,61.0392592,317.532978243,61.0392869768,13.359,0.033,3421.9809293,0.006989,17.0548288,9.7e-05,4.555,0.669,5295.0,413.751,"[15, 16, 17, 24, 56, 57, 76, 77]",found in faint-star QLP search,4.17,,1,1.38,,9.80945,,758.0,5769.0,122.0,55.0578,10.0,False,3,4,3,3,4,4,4,2024-10-24 17:29:29.891791+00:00,2024-10-23 13:32:39.086000+00:00
1369938,qlp-s87-faintsearch,FAINT,279909537,7648.01,PC,100.573719303,-2.27756990407,100.573709568,-2.27758829839,13.042,0.0258,3688.010282221655,0.0021696277478124,2.6399819306387644,4.597004660784841e-06,1.275066721732692,0.2704655461625816,8194.910166346297,719.496407725646,"[6, 33, 87]",found in faint-star QLP search,3.99477,,1,1.91398,,16.56313138294396,1.124509339933376,1466.3518048170945,6475.0,123.0,762.7455922058958,38.14050962874461,False,3,4,3,3,4,4,4,2026-01-15 22:14:04.405010+00:00,2026-01-15 20:17:46.900000+00:00
149976,qlp-s82-ffi,QLP,101929303,1171.01,EB,299.2738442,35.9883563,299.273862396,35.9883588122,10.307,0.011,3541.3814888,0.0013389,11.1876137,2.28e-05,3.183,0.692,4924.0,7552.54,"[14, 54, 55, 74, 75, 81, 82]",retired as TFOP FP/NEB,4.06,0.08,1,2.05,0.07,31.8624,6.10264,1499.0,7266.0,195.8,838.609,37.0,False,5,5,5,5,5,5,5,2019-09-03 15:31:11+00:00,2024-10-07 14:57:21.682000+00:00
211799,qlp-s97-ffi,SPOC,149349867,2392.02,PC,83.783613,-64.116511,83.7837025587,-64.1166203761,10.358,0.018,3984.9467856998585,0.0024819189339808,3.4072162493047204,6.074647562949428e-06,3.858377620814908,0.3893823939708929,289.0451375112903,12.982913741855382,"[1, 2, 3, 5, 6, 7, 8, 9, 10, 12, 13, 27, 28, 29, 30, 32, 33, 35, 36, 37, 38, 39, 61, 63, 64, 66, 67, 68, 69, 87, 88, 90, 93, 94, 95, 96, 97]",potential multi,3.87,0.16,2,1.76,0.09,2.747038322783314,0.1541413039469033,2217.9546303655734,6187.3,197.3,4017.335232210701,96.50183367275274,False,2,4,1,1,4,4,4,2021-07-28 20:17:26.570275+00:00,2026-04-09 22:11:54.300000+00:00
271202,qlp-s56-faintsearch,FAINT,269488987,6124.01,PC,315.2202183,39.3917614,315.220171023,39.3917897177,12.31,0.006,2850.4658265,0.0003833,2.8474853,1.9e-06,2.303,0.109,22441.0,637.096,"[15, 55, 56]",found in faint-star QLP search,4.53,0.09,1,0.84,0.05,12.7345,0.775303,1119.0,5149.0,125.9,260.51,97.0,False,3,4,3,3,4,4,4,2023-03-30 21:13:36.441135+00:00,2024-08-22 15:41:09.420339+00:00
201104,spoc-s61-b0A,FAINT,146836153,2879.01,EB,124.3192438,-30.6328351,124.319316836,-30.6328867585,13.318,0.006,2964.825529550844,0.0013568316,2.3252877906373968,0.000238955,2.2775710489443206,0.101888046,29370.954615017516,1391.3828,"[7, 8, 34, 61]",found in faint-star QLP search; ~8000 ppm secondary in SPOC s61; v-shaped,,,1,1.1,0.11,12.8754,1.32894,1375.7827266209174,5744.0,273.3,846.6821647607308,27.171238,False,5,5,5,5,5,5,5,2021-06-04 00:47:32.987026+00:00,2024-09-09 14:54:56.210000+00:00
40642,spoc-s03-b01,SPOC,279740441,273.01,EB,51.504634,-64.548553,51.5044717969,-64.5481082812,11.461,0.06,1386.095086737483,0.001412562,0.7418594494026928,8.905399e-05,1.5026957805947203,0.1196039,2983.6257317300756,173.75093,[3],NEB on 279740439 (SG1),4.57,0.12,1,0.66174,0.0974527,6.023834730188056,7.4662147,1330.6211478921057,4304.6,64.0,740.8643338415213,16.765955,True,5,5,5,5,5,5,5,2018-11-30 22:06:25+00:00,2021-12-06 11:50:26.468000+00:00
79983,spoc-s90-b0A,QLP,458856474,1978.01,EB,161.1405173,-59.7376084,161.140515484,-59.7376080264,7.571,0.017,3751.695956274444,0.0016972964,6.081043046196433,0.0009196302,4.8182489544612945,0.057610907,15384.17171226183,676.16626,"[10, 11, 36, 90]",V* V560 Car; SB with P=6.0803; TFOP FP; retired as SEB1,4.08,1.27,1,1.0,0.0,20.786151307104433,7.760419,998.5796935972144,8719.5,297.6,234.99137527740317,22.714664,False,5,5,5,5,5,5,5,2020-06-17 17:40:45.125621+00:00,2026-02-18 02:21:12.700000+00:00
163230,qlp-s79-ffi,QLP,317397615,1614.01,EB,349.79641960000004,75.0179443,349.796328628,75.0178640319,10.235,0.006,3479.1379225,0.0015525,0.7438074,1.1e-06,1.377,0.058,633.0,25.414,"[17, 18, 19, 24, 25, 52, 58, 59, 78, 79]",Likely EB; a/Rs close to 1; TFOP FP/NEB,,,1,4.04,,9.77911,,1790.0,5182.0,122.0,1705.03,31.0,False,5,5,5,5,5,5,5,2019-12-19 20:58:22+00:00,2024-08-19 14:35:58.585000+00:00
233525,qlp-s33-faintsearch,FAINT,72097808,4740.01,PC,92.373375,-6.061511,92.373395,-6.061524,11.572,0.018,2226.154086,0.0014336,5.7728793,0.0005881,3.883,0.296,6900.0,2.30808,[33],found in faint-star QLP search; no stellar radius; Rp may be too large if host star is evolved,,,1,,,,,0.0,,,,41.0,False,3,4,3,3,4,4,4,2021-12-21 00:34:55.754425+00:00,2024-08-22 15:41:09.420339+00:00
234825,qlp-s39-faintsearch,FAINT,213111428,5023.01,PC,257.1238163,-51.5314,257.123768735,-51.5316610031,14.958,0.008,2386.471282,1.73e-05,2.2749988,9e-07,0.632,0.0,68800.0,1.32978,[39],found in faint-star QLP search,4.9,0.0,1,0.32,0.01,17.0496,0.531341,398.0,3199.0,157.0,4.17143,9.0,False,3,4,3,3,4,4,4,2022-01-06 22:49:47.055699+00:00,2024-08-22 15:41:09.420339+00:00
63176,spoc-s01-s65-b0A-PC,SPOC,308307606,517.01,EB,120.199967,-60.865677,120.199910901,-60.8656328002,13.151,0.018,1412.7294526510734,0.001272626,9.88502437905873,1.17609725e-05,2.4234352789528923,0.1411991,9891.36817605287,513.5525,"[4, 7, 8, 9, 61, 62, 63, 64]",9.9 day eccentric system ; retired as TFOP FP/EB,4.39493,0.0,1,0.8191959857940674,0.0,11.917360146695485,8.328078,728.1185956969225,5522.0,180.0,66.42468337596225,25.435297,False,5,5,5,5,5,5,5,2019-03-18 17:05:11+00:00,2023-11-01 12:13:25.078000+00:00
191134,qlp-s32-ffi,QLP,31114545,2468.01,EB,80.8960146,-24.1212954,80.8960991439,-24.1212956312,10.36,0.008,2196.8734203,0.0031788,24.4232697,0.0001365,3.788,1.856,1920.0,9.13313,"[5, 6, 32]",some depth-aperture correlation; retired as TFOP FP/NEB,3.75,0.08,1,2.37,0.11,11.2009,0.952464,782.0,6102.0,134.2,62.1143,22.0,False,5,5,5,5,5,5,5,2021-02-03 23:44:46.451426+00:00,2024-09-17 14:32:28.369000+00:00
150001,qlp-s41-ffi,QLP,350995812,1145.01,EB,291.92138339999997,36.5298718,291.92142029,36.5298982189,8.501,0.008,2440.7695268,0.0004339,2.9722662,4.7e-06,1.418,0.139,7970.0,13.507,"[14, 40, 41]",Centroid offset; v-shaped; too large (Rp > 18 Re); Vrot > 200 km/s; retired as TFOP FP/NEB,,,1,,,,,1868.0,8562.5,998.1,2025.26,32.0,False,5,5,5,5,5,5,5,2019-09-03 15:31:11+00:00,2020-05-20 19:58:55.960000+00:00
201586,spoc-s01-s65-b0A-PC,QLP,45655786,2809.01,PC,149.0348336,-38.0888717,149.034707747,-38.0888338308,10.909,0.006,2989.988649752868,0.0006618982,3.1660848834105617,7.6169e-05,2.6922287139567107,0.05348491,5175.032068578258,78.0552,"[9, 35, 36, 62, 63]",found in s36 and also faint-star QLP search,,,1,1.3377000093460083,0.0,10.33340502695744,0.16223255,1403.2634401747885,6225.0,,916.3847298416438,61.31363,False,3,4,3,3,4,4,4,2021-06-03 22:37:59.105158+00:00,2024-01-16 20:44:00.003000+00:00
79199,qlp-s64-ffi,QLP,253132689,1971.01,EB,194.7697741,-57.2537107,194.769772775,-57.2537134622,10.274,0.018,3062.3833233,0.0019982,3.217824,7.4e-06,1.735,0.259,1288.0,62.4203,"[11, 37, 38, 64]",TFOP FP/NEB; centroid offset centered nearby,4.17,0.56,1,1.67,0.09,5.84702,0.35263,1081.0,5418.0,169.6,227.191,23.0,False,5,5,5,5,5,5,5,2020-06-17 17:40:44.818874+00:00,2023-05-31 13:12:02.673000+00:00
173363,qlp-s77-ffi,QLP,270333769,2044.01,EB,351.8803335,61.3925368,351.880280605,61.3925152439,10.489,0.064,3418.3678856,0.0029592,4.1207509,1.52e-05,2.158,0.565,973.0,80.9931,"[17, 18, 24, 57, 58, 77]",Minor depth aperture correlation; TFOP NEB/FP,4.09,0.1,1,2.38,0.13,7.46471,0.54253,1963.0,9953.0,965.5,2466.19,17.0,False,5,5,5,5,5,5,5,2020-06-19 07:20:03.963959+00:00,2024-07-25 13:45:40.587000+00:00
169591,spoc-CTOIs,CTOI,174302697,1896.01,PC,352.178248083915,47.3495198172267,352.178610033,47.3495213873,8.88374,0.006,1743.7270141091344,0.002370027,,,16.10462818699697,0.16959512,2816.522418479335,115.85219,"[16, 17]",Single transit; Rp based on first event is ~14 Re (DD); CTOI from Planet Hunters,4.18569,0.0924767,1,1.60572,0.0682312,8.95562872749283,0.43547082,1018.830033091721,6750.0,178.876,254.64078017606576,35.01022,False,3,4,3,3,4,4,4,2020-05-29 16:46:26.570853+00:00,2020-05-29 12:39:35.308000+00:00
47895,qlp-s31-ffi,SPOC/QLP,49899799,416.01,EB,48.854273,-2.175283,48.8543929382,-2.17531441384,8.259,0.018,2163.41477,0.00108,7.0114,1e-05,4.8,1.184,8970.0,12.8786,"[4, 31]",tropical Jupiter,4.01,0.31,1,1.82,0.08,18.1417,1.08769,1459.0,6084.8,35.2,753.673,179.0,False,5,5,5,5,5,5,5,2019-01-16 19:24:28+00:00,2021-01-10 20:32:33.005000+00:00
7653955,qlp-s88-faintsearch,FAINT,54391400,7618.01,PC,118.35359089,-14.7997353213,118.353506488,-14.7995149845,11.5546,0.006,3714.391009985195,0.0040415411458977,6.772211163044909,2.3655051790613068e-05,2.2996754641675192,3.649480662516845,1685.5850929372334,157.76559714728114,"[7, 34, 61, 88]",found in faint-star QLP search,4.51347,0.123064,1,0.721926,0.0756784,2.9543562582992227,0.3557352279709754,823.4686263573888,4001.0,128.519,76.71785607411245,28.051027907177733,False,2,4,1,1,4,4,4,2025-11-20 22:21:48.698628+00:00,2025-11-20 20:34:29.700000+00:00
46545,qlp-s69-ffi,SPOC,154618248,245.01,PC,345.77877,-33.500373,345.779167736,-33.5004699294,8.441,0.017,3203.4386594,0.0012397,8.7709021,9.7e-06,0.926,0.354,1107.0,3600.33,"[2, 28, 29, 69]",two stars in pixel; variable host,4.438,0.0,1,1.46,0.01,12.5053,3.72981,886.0,6208.0,117.0,102.621,11.0,False,3,4,3,3,4,4,4,2018-11-29 21:52:42+00:00,2024-12-05 15:44:41.381000+00:00
149989,qlp-s47-tois,QLP,147576037,1157.01,EB,144.341553,68.4586575,144.341393265,68.4587047475,9.604,0.011,2603.7657734,0.0007837,13.0727479,1.84e-05,3.044,0.198,4080.0,407.257,"[14, 20, 21, 40, 41, 47]",v-shaped; size inconsistent with insolation or planetary nature; Rp > 30 Re in qlp-s47-tois,3.37,0.08,1,3.59,0.18,35.7944,8.17427,1074.0,5709.8,117.3,221.343,96.0,False,5,5,5,5,5,5,5,2019-08-27 16:09:25+00:00,2022-06-28 16:28:37.901000+00:00
148281,spoc-s14-s60-b0A-PC,SPOC,219698776,1243.01,PC,135.734013400945,71.6370312133384,135.732641191,71.6364157563,11.1966,0.00735934,2598.1431637,0.0019616,4.659516922688135,8.162405e-06,0.9011820686551052,0.19003154,1725.17062589876,137.73328,"[14, 20, 40, 47, 53, 60]",L1 candidate,4.74553,0.00760071,1,0.4907290041446686,0.014421,2.196150727482259,0.5582007,519.9004854520837,3489.0,157.0,17.266403809490182,14.432014,False,2,4,1,1,4,4,4,2019-10-17 00:30:12+00:00,2023-05-25 13:19:25.138000+00:00
202254,qlp-s38-tois,FAINT,107506563,3254.01,PC,212.73125,-31.23999,212.731306073,-31.2400722874,13.201,0.019,2357.8157594,0.0009827,1.6832809,3.4e-06,2.356,0.098,12430.0,4.845,"[11, 38]",found in faint-star QLP search,,,1,,,,,0.0,5286.9,1232.7,,39.0,False,3,4,3,3,4,4,4,2021-06-04 13:54:32.603442+00:00,2024-08-22 15:41:09.420339+00:00
52639,qlp-s64-ffi,QLP,82707763,1991.01,EB,169.958942,-51.866035,169.95863811,-51.8660714541,10.121,0.018,3065.0750375,0.0003572,6.6570835,3e-06,5.285,0.129,7164.0,59.8202,"[10, 37, 63, 64]",TFOP FP; retired as SEB1,4.13,0.32,1,1.73,0.08,14.8934,0.684568,1336.0,5805.6,289.6,528.884,175.0,False,5,5,5,5,5,5,5,2020-06-17 20:08:08.231134+00:00,2023-05-31 11:23:00.223000+00:00
149761,qlp-s55-tois,QLP,330332501,1328.01,EB,315.1104213,46.060548299999994,315.110365863,46.0604485845,10.36,0.03,2819.7895185,0.0046357,4.0157492,2.09e-05,2.706,0.422,1150.0,94.9901,"[15, 16, 55]",centroid offset to N in qlp-s55; retired as TFOP FP/NEB,3.94,0.09,1,2.07,0.09,6.47219,0.4640649999999999,1417.0,6585.0,233.8,669.61,15.0,False,5,5,5,5,5,5,5,2019-10-17 00:30:12+00:00,2022-12-07 16:20:13.923000+00:00
50288,qlp-s08-ffi,QLP,118021229,614.01,EB,128.475349,-20.9406,128.475093525,-20.9406462853,9.896,0.018,1518.2814,0.00274,0.88501,0.00021,1.622,0.202,820.279,1.76139,[8],,3.75,0.59,1,2.15,0.04,6.77007,0.340373,1865.0,5362.0,52.1,2010.85,22.0,False,3,4,3,3,4,4,4,2019-04-13 05:20:07+00:00,2019-04-13 05:20:07+00:00
47913,spoc-s04-b03,SPOC/QLP,257567854,403.01,KP,52.818043,-23.819696,52.8180373957,-23.8197923893,11.164,0.018,1411.901592,0.000546,3.532822,0.000138,3.44312,0.046901,11283.619423,137.88638,[4],WASP-22b,4.34152,0.0,1,1.25,0.0,13.474905,0.184494,1372.1206974853585,6153.0,0.0,837.7033715730458,88.35828,False,5,5,5,5,5,5,5,2019-02-08 20:04:48+00:00,2024-09-18 20:03:15.568000+00:00
280792,qlp-s65-faintsearch,FAINT,291668351,6609.01,PC,217.9855802,-54.4006134,217.985494879,-54.4006515422,13.208,0.006,3083.7724102,0.0048346,12.9414603,6.84e-05,3.75,0.335,13164.0,841.322,"[11, 38, 65]",found in faint-star QLP search,4.45,,1,1.01,,10.6791,,771.0,5832.0,122.0,58.6863,13.0,False,3,4,3,3,4,4,4,2023-08-15 20:53:44.980275+00:00,2024-08-22 15:41:09.420339+00:00
149306,qlp-s57-ffi,QLP,233390838,1341.01,EB,301.5592895,59.4908638,301.559262141,59.4907707717,9.536,0.006,2820.5729936,0.0009098,6.4474918,4.9e-06,2.643,0.27,9270.0,5696.09,"[14, 15, 16, 17, 41, 55, 57]",significant secondary in spoc-s14-s41 multisector (849 ppm); retired as EB,4.13,0.09,1,1.69,0.07,48.9878,2.86097,1443.0,6477.6,101.6,720.601,231.0,False,5,5,5,5,5,5,5,2019-10-30 21:47:36+00:00,2022-12-05 14:51:08.897000+00:00
79469,qlp-s38-ffi,QLP,383531859,1977.01,EB,216.1477119,-60.3836005,216.147711228,-60.3836011668,9.595,0.019,2352.1857995,0.0025185,17.0614756,7.55e-05,3.384,0.341,2730.0,55.776,"[11, 38]",crowded field; eccentric EB; TFOP FP; retired as NEB,4.09,1.38,1,2.1418299674987793,0.0,17.104802670514072,10.311735,1158.612592075138,9184.7,290.3,425.8669903972938,27.0,False,5,5,5,5,5,5,5,2020-06-17 17:40:45.082631+00:00,2021-09-24 16:36:18.702000+00:00
277310,qlp-s63-faintsearch,FAINT,71674064,6522.01,PC,156.403104,-32.5926283,156.40306646,-32.5928273183,11.374,0.006,3034.3448425,0.0025481,4.7383479,1.82e-05,1.935,1.115,1843.0,1530.0,"[9, 36, 62, 63]",found in faint-star QLP search,4.48,0.09,1,0.89,0.05,4.7507,1.55542,1285.0,5109.0,130.1,453.403,13.0,False,3,4,3,3,4,4,4,2023-06-15 21:44:33.707848+00:00,2024-08-22 15:41:09.420339+00:00
172777,spoc-s14-s60-b0A-CP,SPOC,230127302,1246.04,CP,251.116487458471,70.4296389962785,251.11587017,70.4299917429,11.1802,0.0061,1700.697302228907,0.0027322455,37.92519833653828,0.00012524855,3.5345219475186136,0.39733,1370.788853857723,78.83223,"[14, 15, 16, 17, 19, 20, 21, 22, 23, 24, 25, 26, 40, 41, 47, 49, 50, 51, 52, 53, 54, 55, 56, 57, 58, 59, 60]",TOI-1246 e/.04,4.49143,0.0842768,4,0.8761540055274963,0.051,3.2416429594034772,1.1774186,462.428269632085,5141.0,122.049,10.806834623881468,16.44205,False,5,5,5,5,5,5,5,2020-07-16 04:56:45.540573+00:00,2023-06-13 16:20:13.292000+00:00
50144,qlp-s61-ffi,QLP,333821572,974.01,EB,116.2749091,-17.175111899999997,116.274911476,-17.1751098148,10.434,0.006,2985.0276279,0.0015473,2.8259491,4.9e-06,2.409,0.863,2206.0,228.166,"[7, 34, 61]",TFOP FP/NEB,4.21,0.08,1,1.84,0.07,8.56637,0.636143,2271.0,8192.0,132.7,4419.71,29.0,False,5,5,5,5,5,5,5,2019-07-24 15:58:33+00:00,2023-03-08 15:26:45.919000+00:00
42468,qlp-s69-ffi,QLP,233964642,334.01,PC,36.498808,-63.64756,36.4987180727,-63.6476072296,9.542,0.019,3188.7130232,0.0002552,17.9160113,3.5e-06,1.889,0.07,9906.0,690.225,"[1, 2, 3, 28, 29, 30, 68, 69]",v-shaped; TFOP APC/SB1,4.11,0.31,1,1.57,0.07,18.2667,0.987092,639.0,6090.2,99.1,27.7718,139.0,False,3,4,3,3,4,4,4,2018-09-29 02:24:31+00:00,2023-11-16 14:38:20.154000+00:00
41585,qlp-toi-update-03-29-22,QLP,355637190,293.01,PC,358.154472,-54.468865,358.15453058,-54.468937615,11.004,0.018,2109.9113884,0.0004196,0.8054361,6e-07,1.06,0.171,2980.0,3.70654,"[1, 2, 28, 29]",V-shaped; TFOP APC: previously retired as BEB due to chromaticity; some odd-even,4.13,0.69,1,1.4,0.07,8.06243,0.509925,2017.0,5905.0,456.4,2752.55,98.0,False,3,4,3,3,4,4,4,2018-12-20 19:43:30+00:00,2022-03-29 18:08:53.511000+00:00
45302,qlp-s01s02,QLP,229091748,382.01,EB,3.79769,-46.272415,3.79783320854,-46.272427929,12.66,0.018,1354.59152,0.00135,0.4568,4e-05,0.548,0.067,3428.7,9.59936,[2],TFOP FP; retired as NEB,4.35,,1,1.03,0.02,6.64264,0.384265,1616.0,5777.0,66.7,1132.97,17.0,False,5,5,5,5,5,5,5,2018-12-20 19:43:30+00:00,2021-12-06 18:40:14.545000+00:00
201364,qlp-s36-tois,FAINT,413372087,2976.01,PC,160.9369708,-21.5408022,160.936850702,-21.5407809625,13.228,0.009,2300.5139331,0.0012869,3.4859402,9.3e-06,1.532,0.347,11410.0,69.8695,"[9, 36]",found in faint-star QLP search,4.33,,1,1.18,,14.101,,1137.0,5941.0,122.0,278.288,22.0,False,3,4,3,3,4,4,4,2021-06-04 01:29:37.547632+00:00,2024-08-22 15:41:09.420339+00:00
51666,spoc-s01-s69-b0A-PC,SPOC,41227743,804.01,EB,91.519877,-69.420275,91.5197831498,-69.4202384306,10.714,0.018,1326.2439393892416,0.0020504836,1.4188152815023043,8.358458e-06,4.575428809727892,0.30296963,136.34716075769128,9.319393,"[1, 2, 4, 5, 6, 7, 8, 10, 11, 13, 27, 28, 30, 31, 32, 33, 34, 35, 36, 37, 38, 62, 63, 64, 66, 67, 68, 69]",Crowded field. Low SNR. Some depth aperture correlation. Asymmetric transit shape. No stellar radius. Match to NEB OGLE-LMC-ECL-25824 at half of alerted period (~1.419 days) with significant (~5+ sigma) odd-even; retired as TFOP FP/NEB,4.30679,2.00394,1,,,,,1622.0595854108642,5988.0,192.0,1636.0185236669545,16.122972,False,5,5,5,5,5,5,5,2019-06-14 18:35:01+00:00,2025-12-11 17:04:21.300000+00:00
234342,qlp-s37-faintsearch,FAINT,45465399,4879.01,PC,130.6440286,-59.6199794,130.643982984,-59.6199550287,13.334,0.006,2325.0081861,0.0047559,5.3763108,4.54e-05,2.339,0.327,4040.0,9.8604,"[8, 9, 10, 35, 36, 37]",found in faint-star QLP search,4.2,,1,1.53,,9.71605,,1099.0,6543.0,122.0,242.224,12.0,False,3,4,3,3,4,4,4,2021-12-21 22:36:43.787352+00:00,2024-08-22 15:41:09.420339+00:00
162259,qlp-s57-ffi,QLP,127425841,1545.01,EB,6.0306825,40.1656184,6.03061708182,40.1655706203,9.832,0.006,2880.3194801,0.0008324,1.5166573,7e-06,1.607,0.255,1590.0,87.0534,"[17, 57]",V-shaped; TFOP FP/EB,4.03,0.09,1,2.0,0.08,7.73846,0.425139,1954.0,6905.3,169.9,2422.33,40.0,False,5,5,5,5,5,5,5,2019-12-05 21:41:10+00:00,2022-12-07 12:40:46.606000+00:00
187424,spoc-s29-b02,SPOC,32487566,2386.01,KP,4.60292011412278,-15.2672993081337,4.60304237091,-15.2674043926,10.5853,0.0077,2090.3831069871935,0.00048461024,2.75673948742882,0.00010442861,2.380856473663087,0.03320816,9248.475991774574,115.61662,[29],WASP-26 b,4.26998,0.0823565,1,1.28427,0.0685126,13.804466129654852,0.7482012,1509.0388299098358,6034.0,132.477,1225.526373292459,85.956696,False,5,5,5,5,5,5,5,2020-11-06 18:59:46.181511+00:00,2020-11-06 13:58:03.366000+00:00
171277,qlp-s78-ffi,SPOC,357416482,2017.01,EB,228.9500728,27.3617685,228.949818564,27.3618100643,8.206,0.006,3434.9402491,0.0001292,5.49826,9e-07,2.04,0.154,12929.0,575.928,"[24, 51, 78]",TIC match 357416480 (12.5 TESS mag star); TFOP FP as an EB with a low mass M dwarf companion,,,1,1.34,,16.2801,,0.0,6362.6,,232.345,159.0,False,5,5,5,5,5,5,5,2020-06-19 06:00:39.745926+00:00,2024-08-05 14:50:26.744000+00:00
160374,qlp-s49-tois,SPOC,230386397,2099.01,EB,285.785872810861,64.2299795336882,285.78601103,64.2302560998,11.2011,0.006,2626.6703762,0.0040686,19.5078657,0.0001229,4.603,0.754,1770.0,17.4455,"[14, 15, 16, 17, 18, 20, 21, 22, 23, 24, 25, 26, 40, 41, 47, 48, 49]",centroid offset onto two fainter stars (TIC 230386395; TIC 230386399); retired as NEB,4.56,0.0980273,1,0.71,0.06,3.92839,0.454226,780.0,4316.0,115.142,61.4917,16.0,False,5,5,5,5,5,5,5,2020-07-15 20:44:32.334856+00:00,2022-08-19 15:59:05.583000+00:00
41047,spoc-s01-s36-b0A,SPOC/QLP,51912829,180.01,EB,14.2984,-67.496272,14.2986394077,-67.4961892581,9.481,0.02,1325.8963923337667,9.1541515e-05,0.8353898560749352,3.170416e-05,1.0385174695471606,0.03870001,2265.3656618563514,28.229282,"[1, 2, 28, 29, 68]",TFOP APC; retired as BEB; clear secondary,3.77654,0.33082,1,2.070120096206665,0.0942464,10.05082533378462,0.81025904,2917.1103577353547,6082.0,193.0,17113.247799029745,63.1018,False,5,5,5,5,5,5,5,2018-11-03 00:36:48+00:00,2023-11-02 19:41:47.627000+00:00
149995,qlp-s74-ffi,QLP,122220263,1134.01,EB,290.020843,36.6377055,290.020959762,36.637774302,9.036,0.006,3333.4379834,0.006535,18.6922101,0.0001259,7.765,1.008,11126.0,185.114,"[14, 40, 41, 54, 74]",alerted as single; now have period but identified as SB1 by TFOP; retired as TFOP FP,4.09,0.09,1,1.65,0.07,18.1458,0.786783,1141.0,6277.0,125.8,282.175,36.0,False,3,4,3,3,4,4,4,2019-09-03 15:31:11+00:00,2024-03-07 13:38:58.579000+00:00
208247,qlp-s21-faintsearch,FAINT,841226527,3843.01,PC,150.8920674,67.9905317,150.891937245,67.9903784813,11.479,0.006,1883.5446368,0.0039125,19.5112506,0.0006207,3.896,0.81,4080.0,113.298,"[14, 20, 21]",found in faint-star QLP search,,,1,,,,,0.0,,,,20.0,False,3,4,3,3,4,4,4,2021-06-23 15:20:58.673259+00:00,2024-08-22 15:41:09.420339+00:00
234176,qlp-s36-faintsearch,FAINT,48274889,4864.01,PC,148.0647797,-33.0449351,148.064822807,-33.0449646864,13.059,0.006,2990.5929506109555,0.0023142127,5.2410982,2.23e-05,1.188,0.248,5660.0,22.9389,"[9, 35, 36, 62]",found in faint-star QLP search; v-shaped; possible secondary near phase 0.46,4.4,,1,1.12,,9.54095,,752.0,6119.0,123.0,53.3051,12.0,False,3,4,3,3,4,4,4,2021-12-21 22:33:26.142040+00:00,2024-08-22 15:41:09.420339+00:00
254906,qlp-s56-tois,SPOC,194076601,5816.01,PC,307.215692434922,42.2240203090466,307.215707586,42.2240140898,11.2546,0.0061,2842.0623827,0.0017281,20.4282929,0.0001567,7.501,0.404,7660.0,236.002,"[14, 15, 41, 55, 56]",,4.45701,0.0,1,1.47,,12.8306,,1355.0,8991.0,123.0,559.996,36.0,False,3,4,3,3,4,4,4,2022-10-12 18:12:33.315642+00:00,2023-02-05 23:40:49.410000+00:00
308048,qlp-s80-ffi,QLP,329821992,7053.01,PC,281.7084296,12.5545048,281.708479619,12.5545087932,7.783,0.006,3503.9423697,0.0054163,2.8637988,0.0016009,2.746,0.768,266.0,28.3694,[80],possibly evolved host; weak; possible offset to W,3.49,0.07,1,4.62,0.17,7.75857,0.54849,2502.0,9416.0,249.4,6505.86,11.0,False,3,4,3,3,4,4,4,2024-09-24 23:12:11.714646+00:00,2024-09-24 17:45:02.206000+00:00
228106,qlp-s73-ffi,QLP,1950736,4610.01,EB,79.0438036,30.5853813,79.0432404191,30.585071658,10.075,0.006,3307.7293733,0.0043055,3.1129681,1.71e-05,2.308,0.637,585.0,42.0986,"[19, 43, 44, 45, 71, 73]",centroid offset to SW in QLP s71+s73; TFOP FP/NEB,4.57,0.11,1,0.69,0.07,1.5002,0.16511,977.0,4104.0,124.6,151.507,16.0,False,5,5,5,5,5,5,5,2021-11-09 21:10:04.949588+00:00,2024-02-05 14:31:28.775000+00:00
209145,qlp-s52-tois,FAINT,1271152446,4022.01,PC,255.1289932,59.6256179,255.128886012,59.6256599592,13.397,0.006,2652.5981614,0.0020883,7.2089041,2.35e-05,3.445,0.155,6140.0,2.79796,"[14, 15, 16, 17, 18, 19, 20, 21, 22, 23, 25, 40, 41, 47, 48, 49]",found in faint-star QLP search; no stellar parameters and a Gaia DR3 RUWE of 6.422635; Rp/R* of 8%,,,1,,,,,0.0,,,,31.0,False,3,4,3,3,4,4,4,2021-06-23 15:25:57.890042+00:00,2024-08-22 15:41:09.420339+00:00
307828,qlp-s81-383723559,QLP,383723559,7065.01,PC,279.7153525,43.0939833,279.715239751,43.0937265766,9.587,0.006,3530.686654,0.0047793,2.6667526,1.27e-05,2.594,0.6,190.0,16.4909,"[14, 26, 41, 53, 54, 74, 80, 81]",possible offset to E,3.83,0.09,1,2.18,0.1,3.01006,0.208297,1630.0,6173.0,126.5,1172.14,12.0,False,2,4,1,1,4,4,4,2024-10-24 17:26:09.708285+00:00,2024-10-24 13:10:31.347000+00:00
50865,qlp-s09-ffi,QLP,101497191,690.01,EB,149.225753,-33.799341,149.225806376,-33.7993915135,10.244,0.019,1547.35119,0.0022,3.64376,0.00067,3.38,0.344,3632.91,19.2898,[9],true period is actually 7.28417 days; TFOP FP/NEB; need SG1 to check 101497184; assuming R ~ 1.0 R_solar (TIC) transiting object is about 5 Rearth,4.39,2.0,1,,,,,1887.0,5463.2,49.4,2107.88,29.0,False,5,5,5,5,5,5,5,2019-05-07 15:39:33+00:00,2026-04-15 18:50:28.200000+00:00
228327,qlp-s72-ffi,QLP,319968129,5070.01,EB,95.3059626,20.8784998,95.3059139991,20.8785133787,10.388,0.006,3285.329551,0.0028419,6.216994,2.58e-05,2.759,0.875,2060.0,319.965,"[43, 44, 45, 71, 72]",multiple stars in pixel; offset on TIC 319968110 (Tnag~13.2) in SPOC s1-s72,4.16,0.1,1,1.54,0.07,7.46488,0.71325,1432.0,6304.0,199.3,699.959,24.0,False,5,5,5,5,5,5,5,2022-01-06 23:39:36.891433+00:00,2024-11-18 13:57:00.161000+00:00
169149,qlp-s48-tois,SPOC,99834717,1780.01,KP,165.167425763115,64.9639847690129,165.16719798,64.9638451615,12.212,0.0067,2632.7450421,0.0003659,1.7063264,1.1e-06,1.359,0.056,10980.0,1.80935,"[14, 21, 41, 47, 48]",KPS-1 b,4.44059,0.0931488,1,0.9,0.06,10.1999,0.689338,1091.0,4974.0,130.639,235.772,57.0,False,5,5,5,5,5,5,5,2020-03-12 15:35:30.040000+00:00,2022-06-29 19:27:42.952000+00:00
176226,qlp-s40-tois,QLP,8516795,2169.01,PC,279.1700864,23.2587525,279.170111742,23.2586193097,10.553,0.006,2773.7479445393137,0.0021127276,8.2148505,4.72e-05,3.839,0.219,3140.0,1.31225,"[26, 40, 54]",2 stars in pixel,4.0,0.09,1,1.81,0.09,10.4375,0.545261,1068.0,6183.0,149.7,216.17,31.0,False,3,4,3,3,4,4,4,2020-08-10 17:26:49.620250+00:00,2022-10-11 18:29:33.305000+00:00
208895,qlp-s52-tois,FAINT,399346877,4003.01,PC,26.4621819,63.9246964,26.4622427481,63.9247178038,12.976,0.014,2718.824291833839,0.002454498,3.9606593,2.12e-05,3.442,0.244,5810.0,4.01372,"[18, 24, 25, 52, 58]",found in faint-star QLP search; CTOI from Olmschenk et al. (2021),4.29,0.1,1,1.4,0.06,10.7218,0.560209,1554.0,6647.0,146.7,970.247,18.0,False,3,4,3,3,4,4,4,2021-06-23 15:25:53.790618+00:00,2024-08-22 15:41:09.420339+00:00
239697,qlp-s41-faintsearch,FAINT,171312653,5284.01,PC,298.7483794,36.1628879,298.748378183,36.1628830721,13.484,0.009,2444.105892,0.0035948,2.0327015,1.6e-05,2.019,0.313,13040.0,41.7824,"[14, 41]",found in faint-star QLP search,4.03,,1,1.86,,21.5462,,1638.0,6555.0,122.0,1195.69,11.0,False,3,4,3,3,4,4,4,2022-02-28 23:24:01.750724+00:00,2024-08-22 15:41:09.420339+00:00
158752,qlp-tois-update,QLP,405794804,1556.01,EB,324.7143091,65.0391567,324.714398855,65.039172234,9.795,0.006,1740.21873,0.00074,1.44127,2e-05,2.605,0.299,2750.0,0.512875,"[16, 17, 18, 24, 56, 57]",centroid offset; TFOP FP/NEB,4.29,0.08,1,1.65,0.05,9.20279,0.314565,3409.0,8009.0,436.9,22433.7,90.0,False,5,5,5,5,5,5,5,2019-12-19 20:58:20+00:00,2022-12-05 13:56:41.446000+00:00
47914,qlp-s97-ffi,QLP,259701242,401.01,EB,74.466266,-53.817906,74.4664528038,-53.8179481853,8.206,0.018,3984.002775609829,0.002660477313233,2.485488701808075,3.701055557389483e-06,2.564725927769419,0.4425319554248537,190.97081341692308,7.153252816183927,"[3, 4, 5, 6, 13, 30, 31, 32, 33, 36, 66, 90, 93, 94, 97]",may be on 259701232,4.48,0.25,1,0.96,0.05,1.253302572845754,0.0692690907503108,2073.9806453695965,5928.0,85.6,3071.469716724323,115.7546617149411,False,5,5,5,5,5,5,5,2019-01-24 19:35:19+00:00,2026-04-17 23:29:47.200000+00:00
274269,qlp-s58-faintsearch,FAINT,285505979,6299.01,PC,28.0026397,50.9210675,28.0030179843,50.9209391382,10.991,0.006,2905.4504169,0.0009126,4.7089027,5.4e-06,0.942,0.373,2426.0,888.038,"[18, 58]",found in faint-star QLP search,4.41,0.12,1,0.85,0.09,6.86414,0.938079,577.0,4351.7,143.8,18.4286,19.0,False,3,4,3,3,4,4,4,2023-05-03 22:21:18.099993+00:00,2024-08-22 15:41:09.420339+00:00
6248751,qlp-s82-faintsearch,FAINT,405689470,7288.01,PC,286.078573,51.0229829,286.0786345,51.0230793,12.11,0.006,3554.0009414,0.0027165,7.9871247,2.59e-05,2.382,0.544,1897.0,155.187,"[14, 15, 26, 40, 53, 54, 55, 74, 75, 80, 81, 82]",found in faint-star QLP search,4.6,0.1,1,0.68,0.06,2.82685,0.299264,614.0,4254.0,125.8,23.6315,13.0,False,2,4,1,1,4,4,4,2025-03-06 22:41:35.800841+00:00,2025-03-06 17:38:58.100000+00:00
45379,qlp-s30-tois,QLP,262531275,331.01,EB,20.4192926,-42.4817207,20.4192559903,-42.4817831923,13.026,0.006,2141.0549978,0.0070202,2.4843369,2.34e-05,1.154,0.295,4450.0,17.9205,"[2, 3, 29, 30]",possible centroid offset; the fainter star to the north has a smaller radius than the target.,3.94,,1,1.76,,8.59746,,991.0,5608.0,122.0,160.141,12.0,False,5,5,5,5,5,5,5,2018-12-20 19:43:30+00:00,2025-03-11 22:37:40.500000+00:00
202600,spoc-s01-s65-b0A-PC,FAINT,419858461,3165.01,EB,191.6437878,-59.5648043,191.643659107,-59.5648310722,13.631,0.007,3041.975734639318,0.0015229105,2.54337072704149,0.00012322019,3.221411205402986,0.07816146,55256.733366082786,1778.0828,"[11, 64, 65]",found in faint-star QLP search; Rp ~ 29 Re in spoc-s1-s65; retired as TFOP FP/EB,4.49,,1,1.1250300407409668,0.0,29.00691316949081,0.6634166,1555.95419123822,6748.0,125.0,1385.186431962367,35.88698,False,5,5,5,5,5,5,5,2021-06-04 13:54:19.579132+00:00,2025-12-11 21:26:47.300000+00:00
209019,spoc-s14-s60-b0A-PC,FAINT,235684392,4053.01,EB,288.0927174,77.922633,288.092884416,77.9226211324,13.031,0.006,2743.5084301,0.0023253,21.789449065745902,0.0002604486,6.804429246457221,0.22370733,12276.802840909162,374.41772,"[17, 18, 19, 20, 21, 23, 24, 25, 40, 41, 47, 48, 50, 51, 52, 53, 54, 55, 57, 58, 60, 90]",found in faint-star QLP search; V-shaped; no stellar radius; centroid offset towards TIC 235684390; ~1500 ppm secondary at 0.58 phase; retired as TFOP FP/NEB,,,1,,,,,652.5693517036639,6118.5,458.0,42.85758487552271,41.871796,False,5,5,5,5,5,5,5,2021-06-23 15:26:03.830687+00:00,2024-09-06 14:37:02.376000+00:00
207801,spoc-s73-b0A,FAINT,321436679,3733.01,EB,83.1406479,57.6231076,83.1406493519,57.623091545,12.64,0.013,3286.3619914798687,0.0028435343,2.126316722856918,0.0003576335,2.621368434499957,0.14268938,7318.456778885962,464.2924,"[19, 59, 73]",found in faint-star QLP search,3.83,0.09,1,2.282370090484619,0.11112,22.107536694265477,1.4044659,2264.6722132615564,6361.4,114.5,6216.449467074879,15.246422,False,5,5,5,5,5,5,5,2021-06-23 15:18:27.842316+00:00,2024-09-09 16:44:52.318000+00:00
274447,qlp-s59-faintsearch,FAINT,458890024,6380.01,PC,48.4592531,65.2679103,48.4593065732,65.2678597985,11.812,0.006,2933.989586,0.0026947,5.1404883,1.48e-05,1.988,0.333,2896.0,227.765,"[18, 19, 59]",found in faint-star QLP search,4.44,0.09,1,0.93,0.06,5.66149,0.406857,824.0,5155.0,139.6,76.7777,20.0,False,3,4,3,3,4,4,4,2023-05-03 22:24:21.196671+00:00,2024-08-22 15:41:09.420339+00:00
206849,qlp-s55-tois,FAINT,136122328,3570.01,PC,305.4616283,34.126043,305.461639754,34.1260273345,13.175,0.04,2823.3526201,0.0016471,2.1083693,5.5e-06,2.974,0.124,9250.0,336.021,"[14, 15, 41, 55]",found in faint-star QLP search,4.64,,1,1.35,,13.1161,,3226.0,10984.0,130.0,17992.5,27.0,False,3,4,3,3,4,4,4,2021-06-23 15:11:43.829358+00:00,2024-08-22 15:41:09.420339+00:00
49741,qlp-s61-ffi,QLP,154459165,611.01,EB,122.0345059,-28.0660925,122.03434654,-28.066188595,10.425999999999998,0.006,2983.6647162,0.0038393,3.1471655,1.14e-05,3.402,1.09,1440.0,2430.03,"[7, 8, 34, 61]",possible offset towards 154459164; retired as TFOP FP/NEB,4.54,0.09,1,0.79,0.05,5.30134,1.75312,2207.0,4869.0,119.8,3942.66,22.0,False,5,5,5,5,5,5,5,2019-04-01 16:51:58+00:00,2025-12-11 16:55:56.800000+00:00
207781,qlp-s19-faintsearch,FAINT,284747017,3746.01,PC,78.0400455,34.7504029,78.0401488047,34.7500319929,11.76,0.006,1839.9234329,0.005575,1.8012697,0.000928,3.182,0.426,1800.0,3.63809,[19],found in faint-star QLP search,4.54,0.1,1,0.75,0.06,3.19942,0.294622,1576.0,4570.0,126.3,1024.77,12.0,False,3,4,3,3,4,4,4,2021-06-23 15:18:29.649872+00:00,2024-08-22 15:41:09.420339+00:00
292216,qlp-s87-ffi,QLP,262135904,6878.01,EB,106.4867711,11.7724467,106.486751199,11.772439399,10.106,0.007,3688.2865465655623,0.0035381250083774,2.0990769442228885,8.216948761455119e-06,2.343,0.314,501.0,31.6913,"[33, 44, 45, 71, 72, 87]",Possible slight centroid offset to N/NE; retired as TFOP FP/NEB,4.18,0.07,1,2.0,0.08,4.13797,0.253738,2423.0,8853.0,128.7,5728.08,88.27410222134387,False,5,5,5,5,5,5,5,2024-01-25 23:12:48.701186+00:00,2025-05-21 17:48:00.500000+00:00
173757,spoc-s01-s36-b0A-CPKP,QLP,98283926,1915.01,KP,108.4523952,-33.4373338,108.452399125,-33.4373462403,13.147,0.006,2253.2484632,0.0009503,2.292034833249143,8.126185e-05,3.1812506528579965,0.08811164,10585.290602117091,207.89972,"[7, 33, 34]",HATS-42 b,4.31,,1,1.2652599811553955,0.0,13.249714155045568,0.34636796,1622.3537935042052,6208.0,122.0,1637.205806466253,32.916973,False,5,5,5,5,5,5,5,2020-05-29 17:45:53.520000+00:00,2021-10-07 17:27:14.042000+00:00
271090,qlp-s56-faintsearch,FAINT,436508469,6117.01,PC,348.0999087,22.3454815,348.099928638,22.3454702952,11.599,0.007,2850.2572689,0.0030688,9.866312,0.0021019,5.285,0.392,5737.0,203.097,[56],found in faint-star QLP search,4.08,0.09,1,1.64,0.08,11.5656,0.632838,1143.0,6209.0,127.5,283.77,23.0,False,3,4,3,3,4,4,4,2023-03-30 21:13:35.534465+00:00,2024-08-22 15:41:09.420339+00:00
7523327,qlp-s85-faintsearch,FAINT,418262301,7449.01,PC,323.7145216,75.050478,323.7146509,75.050546,12.986,0.014,3653.8170568,0.0013903,12.915329,1.48e-05,3.48,0.358,9844.0,238.378,"[17, 18, 19, 24, 25, 52, 57, 58, 59, 73, 77, 78, 79, 84, 85]",found in faint-star QLP search,4.21,0.08,1,1.26,0.07,12.0782,0.673806,709.0,5424.0,141.7,42.159,33.0,False,3,4,3,3,4,4,4,2025-05-01 20:33:15.738090+00:00,2025-05-01 00:33:38.500000+00:00
289102,qlp-s67-faintsearch,FAINT,253788533,6786.01,PC,282.7333966,-37.5345937,282.733386217,-37.5346166963,13.328,0.006,3150.0862095,0.0010471,2.7142282,3.1e-06,3.44,0.102,23021.0,639.375,"[13, 67]",found in faint-star QLP search,4.37,,1,1.15,,17.7291,,1640.0,6063.0,123.0,1203.77,38.0,False,3,4,3,3,4,4,4,2023-11-02 22:50:46.014609+00:00,2024-08-22 15:41:09.420339+00:00
133676,spoc-s01-s69-b0A-PC,SPOC,47316976,288.01,PC,340.3077309,-28.0326658,340.307693328,-28.0326572379,8.972,0.006,1364.4618215285866,0.002752392,711.7473963053366,0.0038917256,6.7075613663515306,0.2183095,1566.1541118273065,52.20879,"[2, 28, 68]",companion likely a star not planet (see observing notes); two transits two years apart; actual period may be shorter,3.96,0.09,1,2.0208699703216553,0.0946229,9.065007036104571,0.47831988,312.0100486446117,6530.0,126.1,2.2397282432094374,34.83812,False,3,4,3,3,4,4,4,2018-09-28 22:22:05+00:00,2024-04-24 18:03:15.444000+00:00
48408,qlp-s05-b01,SPOC/QLP,38686737,432.01,EB,57.865656,-10.614048,57.8656638101,-10.6140780476,12.536,0.019,1439.97961,0.00087,2.24704,0.00014,2.713,0.065,18890.4,3.68202,[5],,4.23,,1,1.2,0.04,18.1799,0.656011,1812.0,6846.0,114.5,1793.26,67.0,False,5,5,5,5,5,5,5,2019-02-08 16:19:52+00:00,2024-09-18 20:15:55.723000+00:00
45390,qlp-s01s02,QLP,175476629,321.01,EB,350.977728,-38.225709,350.977922841,-38.2257885488,12.794,0.018,1354.27156,0.00674,1.14057,0.00053,2.188,0.24,5009.01,843.33,[2],TFOP FP; retired as NEB,4.44,2.0,1,0.84,0.01,6.52263,2.67802,2986.0,5349.5,38.6,13201.6,16.0,False,5,5,5,5,5,5,4,2018-12-20 19:43:30+00:00,2021-12-06 18:12:29.001000+00:00
45293,qlp-s29-tois,QLP,49710555,291.01,EB,352.16439180000003,-10.8595862,352.16450951,-10.8596202501,12.303,0.0069999999999999,2109.092,0.00271,12.08837,6e-05,3.106,0.332,5990.0,1664.13,"[2, 29]",,4.22,0.08,1,1.34,0.07,18.1866,6.07947,1048.0,5920.0,125.6,200.957,16.0,False,5,5,5,5,5,5,5,2018-12-20 19:43:30+00:00,2022-10-20 14:31:29.921000+00:00
163641,qlp-s73-ffi,QLP,116608612,1649.01,PC,85.6632232,35.1857962,85.6632098066,35.1857078969,9.17,0.006,3310.7184753,0.0004399,3.4557863,1.5e-06,2.164,0.261,6423.0,303.276,"[19, 43, 44, 45, 59, 73]",possibly synchronized; possible secondary; possible centroid offset; retired as TFOP FP/SEB1,4.24,0.08,1,1.78,0.06,16.0772,0.62301,2058.0,8170.0,258.8,2978.62,200.0,False,5,5,5,5,5,5,5,2020-01-29 22:18:55.296000+00:00,2025-08-21 22:05:16.400000+00:00
161901,spoc-s14-s60-b0A-PC,QLP,434718964,1512.01,EB,345.4880663,64.0673366,345.488066324,64.0673366409,10.262,1.0,2854.931267803952,0.004935281,1.5972260203264574,0.00023338028,5.372172185148052,0.33115005,3834.126062069565,168.50876,"[17, 18, 57, 58]",No stellar info; could be evolved or a small star; if evolved then likely EB; centroid offset centered near another star in spoc-s57; TFOP FP/NEB,,,1,,,,0.0,1559.2651197946814,,,1397.014319467058,15.772523,False,5,5,5,5,5,5,5,2019-12-05 21:41:10+00:00,2023-05-19 16:51:28.696000+00:00
150000,qlp-s74-ffi,QLP,160268701,1143.01,EB,182.5393661,77.3522457,182.538652351,77.3522637106,8.633,0.006,3352.7340567,0.0016401,11.2071839,2.86e-05,4.366,0.212,3276.0,656.96,"[14, 20, 21, 40, 41, 47, 53, 60, 74]",TFOPWG FP Retired as SB1,3.84,0.09,1,2.24,0.1,17.4989,1.38618,1487.0,6152.0,75.9,813.063,133.0,False,5,5,5,5,5,5,5,2019-08-27 16:09:26+00:00,2024-03-04 12:10:54.855000+00:00
166359,qlp-s52-tois,SPOC,198241702,1269.02,PC,249.697075,64.558693,249.696639713,64.5591810065,10.948,0.034,2739.0970323,0.0034659,9.2378703,5.34e-05,2.535,0.305,660.0,0.942831,"[14, 15, 16, 17, 18, 19, 20, 21, 22, 23, 24, 25, 26, 40, 41, 47, 48, 49, 50, 51, 52]",Level 1 candidate; potential multi,4.38111,0.0,2,0.8489059805870056,0.0452839,2.22995,0.14957,757.0,5591.0,185.0,54.6767,13.0,False,2,4,1,1,4,4,4,2020-02-26 20:41:12.605700+00:00,2022-11-18 18:41:55.784000+00:00
7635388,qlp-s92-faintsearch,FAINT,301271430,7801.02,PC,351.325505201,-2.06952583338,351.325812167,-2.06937551182,10.2034,0.006,3819.4907677238502,0.0036046036356013,8.248515616605527,6.675520456204326e-05,3.1106730716850066,0.938620867833792,942.9139871220858,81.32192880749224,"[42, 70, 92]",found in faint-star QLP search; potential multi; L1 candidate,4.56473,0.0830266,1,0.849931,0.0453995,2.432746627824094,0.2327297035493879,1244.818172240709,5508.0,129.529,398.6126891671755,20.220913055487035,False,2,4,1,1,4,4,4,2026-06-04 21:18:15.627794+00:00,2026-06-03 22:47:57.500000+00:00
161913,qlp-s18-ffi,QLP,270238522,1514.01,EB,351.6484601,64.3047217,351.6484168,64.3046993686,7.559,0.006,1765.47636,0.00629,1.36991,0.00028,4.156,0.285,1170.0,1.20653,"[17, 18]",TFOP FP; retired as NEB,3.56,0.08,1,3.64,0.15,11.8886,0.65532,3254.0,7339.8,150.7,18625.3,20.0,False,5,5,5,5,5,5,5,2019-12-05 21:41:10+00:00,2021-03-26 18:02:25.430000+00:00
234905,qlp-s39-faintsearch,SPOC/FAINT,293075732,6882.01,EB,254.2422102,-68.7097568,254.242045244,-68.7098462473,12.773,0.006,3098.202956604657,0.003693938,0.5666806,6.1e-06,0.722,0.573,1530.0,169.045,"[12, 39, 66]",low SNR; multiple stars in pixel; near neighbor TIC 293075734 (Tmag~18.4); possible odd-even; a/R* ~ 1.7; slightly evolved host; also found in faint-star QLP search; retired as TFOP FP/NEB,3.99,0.08,1,1.65,0.08,8.04611,2.39727,1610.0,5517.0,123.9,1116.17,9.0,False,3,4,3,3,4,4,4,2024-02-01 21:36:43.104959+00:00,2024-09-09 17:31:44.532000+00:00
48811,qlp-s32-tois,QLP,434234955,944.01,EB,63.8110787,14.9448517,63.8110953179,14.9448394272,11.382,0.008,2196.6994297,0.0025882,6.0588453,3.38e-05,4.084,0.372,2740.0,851.775,"[5, 32]",Hint of secondary may be driven by momentum dumps in second orbit.,3.51,0.09,1,3.6,0.23,35.2541,11.7813,2249.0,7011.0,107.1,4249.82,25.0,False,5,5,5,5,5,5,5,2019-07-24 14:30:01+00:00,2024-09-06 20:24:41.144000+00:00
162137,spoc-s58-b0A,QLP,445137888,1536.01,EB,11.3024008,56.0700654,11.3023997873,56.0700582102,10.365,0.033,2882.9513150288685,0.0038898839,2.013653033674167,0.00048759262,2.1214907400669603,0.19407736,822.8974251597198,76.83918,"[17, 18, 58]",Some depth-aperture correlation; strong centroid offset towards another star in spoc-s58-b0A; retired as TFOP FP/NEB,4.01,0.1,1,2.6771299839019775,0.257347,9.026907378560466,1.0058509,3580.9202251548413,10310.0,617.1,38859.71273341469,10.465393,False,5,5,5,5,5,5,5,2019-12-05 21:41:10+00:00,2023-08-02 18:10:57.430000+00:00
7501046,spoc-s14-s78-b0A-PC,SPOC,461491274,4016.02,PC,5.2779319,66.8323442,5.27795924784,66.8323437268,13.122,0.006,2886.075234876969,0.0027899328,4.396200882903183,3.8740694e-05,3.949694850128392,0.42967677,4441.97113177135,498.5092,"[58, 78]",potential multi; low SNR; no stellar radius,,,2,,,,,1112.6269618552797,4032.5,113.0,362.1757107048502,9.092153,False,3,4,3,3,4,4,4,2025-07-17 18:08:56.691140+00:00,2025-07-17 17:03:46.700000+00:00
150034,spoc-s37-b0A,QLP,375225453,1096.01,EB,133.8270091,-73.1733897,133.8266836,-73.1733075816,10.11,0.006,2307.9357703135865,0.002752377,0.9209526320170008,0.00018551935,1.8602735373043235,0.46476126,360.8801529160715,42.466145,"[10, 11, 12, 37]",NEB on 375225447 from TFOP,3.65,0.09,1,2.890889883041382,0.125277,5.734908856056708,4.2950416,3430.7622436949487,6553.0,136.4,32740.36293994828,7.2275467,False,5,5,5,5,5,5,5,2019-08-12 16:22:54+00:00,2020-05-20 19:58:59.346000+00:00
289068,qlp-s67-faintsearch,FAINT,408609355,6794.01,PC,296.3555524,-34.534384,296.355554233,-34.5343993071,12.227,0.006,3140.0005419,0.0057553,7.3099457,3.83e-05,6.439,0.696,4484.0,166.11,"[13, 27, 67]",found in faint-star QLP search,3.79,0.09,1,2.38,0.12,12.4526,0.792995,1528.0,6391.0,129.5,906.064,17.0,False,3,4,3,3,4,4,4,2023-11-02 22:50:46.879724+00:00,2024-08-22 15:41:09.420339+00:00
258158,spoc-s14-s55-b02,SPOC,158657354,5986.01,KP,288.153997539622,44.0688265743835,288.153973046,44.0688154371,11.7942,0.0063,2406.4929868317695,0.0075835814,38.58358886032632,0.0011334544,11.040376481567174,0.71893275,1501.2063652813429,172.34116,"[40, 41, 53, 54, 55]",Kepler-522 b,4.05962,0.0844427,1,1.7423100471496582,0.074485,6.887227616274874,1.0315099,754.438766154518,6373.72,114.774,76.56265517522925,8.700123,False,5,5,5,5,5,5,5,2022-12-01 23:00:54.855021+00:00,2022-12-01 17:16:52.483000+00:00
48122,qlp-s31-ffi,QLP,153027658,914.01,EB,48.726283,-44.961763,48.7260930125,-44.9618551411,10.213,0.018,1384.9247,0.0034,2.3374921,1.03e-05,2.279,0.371,760.0,1.28847,"[3, 4, 30, 31]",v-shaped; likely offset to W,3.65,0.1,1,1.54,0.17,4.00659,0.483414,1556.0,5963.4,347.5,975.016,27.0,False,5,5,5,5,5,5,5,2019-07-23 18:22:48+00:00,2021-01-05 16:40:55.025000+00:00
49879,qlp-s61-ffi,QLP,238597883,1004.01,EB,122.1782239,-48.802851200000006,122.178194518,-48.8028109944,9.136,0.006,2987.0472621,0.0037481,3.5730141,1.28e-05,3.37,1.029,755.0,1306.55,"[7, 9, 34, 61]",SPOC s34 shows an offset ~20'' NW (near TIC 238597889); TFOP FP/NEB,4.14,0.07,1,2.15,0.06,11.3113,3.24714,4260.0,9219.0,171.1,54679.3,24.0,False,5,5,5,5,5,5,5,2019-07-24 15:58:33+00:00,2024-09-09 11:26:32.514000+00:00
50095,qlp-s07-ffi,QLP,113553629,988.01,PC,113.424048,-30.996072,113.424038591,-30.996054154,10.162,0.018,1491.91542,0.00613,4.30438,0.00248,3.037,0.41,672.002,2.50426,[7],marginal signal; crowded field,4.17,1.75,1,4.82,0.38,13.7564,1.38032,1319.0,6056.9,247.0,503.88,10.0,False,3,4,3,3,4,4,4,2019-07-24 15:58:33+00:00,2019-07-24 15:58:33+00:00
66871,qlp-s38-tois-FP,QLP,242536549,1953.01,EB,215.145621,-41.983274,215.145568799,-41.9833184247,9.484,0.02,2359.1324315,0.0005716,0.6923563,1.3e-06,0.803,0.101,810.0,304.396,"[11, 38]",centroid offset closer to neighboring star; TFOP FP; retired as EB,3.86,0.57,1,1.85,0.08,10.6207,3.58922,3080.0,6422.1,205.8,14950.4,25.0,False,5,5,5,5,5,5,5,2020-06-17 17:40:44.043357+00:00,2021-10-05 15:05:50.595000+00:00
217326,qlp-s97-ffi,SPOC,425997655,174.05,CP,55.459877,-62.767049,55.4590313743,-62.7672667497,8.69687,0.018031,3987.803312063774,0.0038485386903913,7.907630060628806,2.041615583391763e-05,2.6394558388388467,0.4326028554072937,212.41773684697503,18.40178776015958,"[1, 2, 3, 4, 11, 29, 30, 31, 34, 64, 68, 69, 95, 96, 97]",HD 23472 e/ TOI 174.05,4.38,0.21,5,0.69,0.04,0.9290559398927994,0.0676482851665621,939.1363353568825,4813.0,111.0,129.13441998385838,33.95473057548645,False,5,5,5,5,5,5,5,2021-10-21 22:15:40.262948+00:00,2026-04-09 22:08:41.300000+00:00
50367,spoc-s01-s65-b0A-PC,FAINT,285524410,2848.01,EB,119.999337,-42.928944,119.999359324,-42.9289552149,11.422,0.018,2964.8981369160397,0.0026653502,3.0244222171717663,0.00037387246,5.368078705033019,0.1927099,267015.52245735517,9404.883,"[7, 8, 34, 61, 62]",no radius; found in faint-star QLP search; CTOI from Olmschenk et al; retired as TFOP FP/EB,4.19,1.87,1,,,,,1260.3600138471156,6758.0,202.0,596.3475878785317,26.79407,False,5,5,5,5,5,5,5,2021-06-04 00:47:28.635303+00:00,2024-09-06 12:50:15.298000+00:00
149701,qlp-s15-ffi,QLP,195199644,1321.01,PC,313.5364662,37.7893577,313.536475475,37.7893562001,10.085,0.015,1712.25971,0.0023,1.19888,0.00025,1.558,0.206,1169.03,1.88168,[15],Large and slight depth-aperture correlation,,,1,5.46,0.36,20.5525,1.59543,2172.0,7315.0,243.8,3694.96,17.0,False,3,4,3,3,4,4,4,2019-10-17 00:30:12+00:00,2019-10-17 00:30:12+00:00
296645,qlp-s72-faintsearch,FAINT,63082902,6936.01,PC,117.9907122,18.1264563,117.990507817,18.1263855872,12.271,0.006,3266.8127025,0.0026791,10.298566,4.9e-05,2.022,0.422,4219.0,287.669,"[44, 45, 46, 71, 72]",found in faint-star QLP search,4.61,0.12,1,0.67,0.07,4.00839,0.447867,486.0,4201.6,133.9,9.32109,15.0,False,3,4,3,3,4,4,4,2024-02-29 23:27:38.154829+00:00,2024-08-22 15:41:09.420339+00:00
234025,spoc-s01-72-b0A-PC,FAINT,374200604,4838.01,FP,158.0734496,2.2379294,158.073444815,2.23784521751,11.869,0.007,2525.7954523709564,0.0004845685,0.7600190181346775,9.617417e-06,0.6387380397405018,0.21088833,1865.588651758676,137.7442,"[35, 45, 46, 72]",K2-399 b; found in faint-star QLP search; v-shaped; possible triple-star system; retired as TFOP FP/EB; hierarchical eclipsing binary (Lillo-Box et al 2024),4.0,0.08,1,1.6599899530410769,0.100274,7.290258937659559,5.471068,2529.0245379306334,5690.2,141.2,9667.922808351204,15.336781,False,5,5,5,5,5,5,5,2021-12-21 22:31:48.459623+00:00,2026-02-25 21:29:30.100000+00:00
162047,qlp-s77-ffi,QLP,313761775,1526.01,EB,318.3478198,56.94381479999999,318.347586456,56.9437324711,9.694,0.006,3421.872558,0.0013,1.5309799,2.2e-06,1.37,0.326,654.0,44.7008,"[15, 17, 56, 76, 77]",retired as TFOP FP/NEB; Variable star; some depth-aperture correlation,3.77,0.11,1,2.38,0.11,6.01061,0.369914,1613.0,6298.0,299.8,1124.09,21.0,False,5,5,5,5,5,5,5,2019-12-05 21:41:10+00:00,2024-06-14 10:38:58.170000+00:00
